material,temperature_C,temperature_min_C,temperature_max_C,thermal_conductivity_W_per_mK,thermal_conductivity_min_W_per_mK,thermal_conductivity_max_W_per_mK,数据质量
Aluminum,-73.0,-73.0,-73.0,237.0,237.0,237.0,完整点值
Aluminum,0.0,0.0,0.0,236.0,236.0,236.0,完整点值
Aluminum,127.0,127.0,127.0,240.0,240.0,240.0,完整点值
Aluminum,327.0,327.0,327.0,232.0,232.0,232.0,完整点值
Aluminum,527.0,527.0,527.0,220.0,220.0,220.0,完整点值
"Aluminum - Duralumin (94-96% Al, 3-5% Cu, trace Mg)",20.0,20.0,20.0,164.0,164.0,164.0,完整点值
"Aluminum - Silumin (87% Al, 13% Si)",20.0,20.0,20.0,164.0,164.0,164.0,完整点值
Aluminum bronze,12.5,0.0,25.0,70.0,70.0,70.0,温度取范围中点
"Aluminum alloy 3003, rolled",12.5,0.0,25.0,190.0,190.0,190.0,温度取范围中点
Aluminum alloy 2014. annealed,12.5,0.0,25.0,190.0,190.0,190.0,温度取范围中点
Aluminum alloy 360,12.5,0.0,25.0,150.0,150.0,150.0,温度取范围中点
Antimony,-73.0,-73.0,-73.0,30.2,30.2,30.2,完整点值
Antimony,0.0,0.0,0.0,25.5,25.5,25.5,完整点值
Antimony,127.0,127.0,127.0,21.2,21.2,21.2,完整点值
Antimony,327.0,327.0,327.0,18.2,18.2,18.2,完整点值
Antimony,527.0,527.0,527.0,16.8,16.8,16.8,完整点值
Beryllium,-73.0,-73.0,-73.0,301.0,301.0,301.0,完整点值
Beryllium,0.0,0.0,0.0,218.0,218.0,218.0,完整点值
Beryllium,127.0,127.0,127.0,161.0,161.0,161.0,完整点值
Beryllium,327.0,327.0,327.0,126.0,126.0,126.0,完整点值
Beryllium,527.0,527.0,527.0,107.0,107.0,107.0,完整点值
Beryllium,727.0,727.0,727.0,89.0,89.0,89.0,完整点值
Beryllium,927.0,927.0,927.0,73.0,73.0,73.0,完整点值
Beryllium copper 25,12.5,0.0,25.0,80.0,80.0,80.0,温度取范围中点
Bismuth,-73.0,-73.0,-73.0,9.7,9.7,9.7,完整点值
Bismuth,0.0,0.0,0.0,8.2,8.2,8.2,完整点值
Boron,-73.0,-73.0,-73.0,52.5,52.5,52.5,完整点值
Boron,0.0,0.0,0.0,31.7,31.7,31.7,完整点值
Boron,127.0,127.0,127.0,18.7,18.7,18.7,完整点值
Boron,327.0,327.0,327.0,11.3,11.3,11.3,完整点值
Boron,527.0,527.0,527.0,8.1,8.1,8.1,完整点值
Boron,727.0,727.0,727.0,6.3,6.3,6.3,完整点值
Boron,927.0,927.0,927.0,5.2,5.2,5.2,完整点值
Cadmium,-73.0,-73.0,-73.0,99.3,99.3,99.3,完整点值
Cadmium,0.0,0.0,0.0,97.5,97.5,97.5,完整点值
Cadmium,127.0,127.0,127.0,94.7,94.7,94.7,完整点值
Cesium,-73.0,-73.0,-73.0,36.8,36.8,36.8,完整点值
Cesium,0.0,0.0,0.0,36.1,36.1,36.1,完整点值
Chromium,-73.0,-73.0,-73.0,111.0,111.0,111.0,完整点值
Chromium,0.0,0.0,0.0,94.8,94.8,94.8,完整点值
Chromium,127.0,127.0,127.0,87.3,87.3,87.3,完整点值
Chromium,327.0,327.0,327.0,80.5,80.5,80.5,完整点值
Chromium,527.0,527.0,527.0,71.3,71.3,71.3,完整点值
Chromium,727.0,727.0,727.0,65.3,65.3,65.3,完整点值
Chromium,927.0,927.0,927.0,62.4,62.4,62.4,完整点值
Cobalt,-73.0,-73.0,-73.0,122.0,122.0,122.0,完整点值
Cobalt,0.0,0.0,0.0,104.0,104.0,104.0,完整点值
Cobalt,127.0,127.0,127.0,84.8,84.8,84.8,完整点值
Copper,-73.0,-73.0,-73.0,413.0,413.0,413.0,完整点值
Copper,0.0,0.0,0.0,401.0,401.0,401.0,完整点值
Copper,127.0,127.0,127.0,392.0,392.0,392.0,完整点值
Copper,327.0,327.0,327.0,383.0,383.0,383.0,完整点值
Copper,527.0,527.0,527.0,371.0,371.0,371.0,完整点值
Copper,727.0,727.0,727.0,357.0,357.0,357.0,完整点值
Copper,927.0,927.0,927.0,342.0,342.0,342.0,完整点值
"Copper, electrolytic (ETP)",12.5,0.0,25.0,390.0,390.0,390.0,温度取范围中点
Copper - Admiralty Brass,20.0,20.0,20.0,111.0,111.0,111.0,完整点值
"Copper - Aluminum Bronze (95% Cu, 5% Al)",20.0,20.0,20.0,83.0,83.0,83.0,完整点值
"Copper - Bronze (75% Cu, 25% Sn)",20.0,20.0,20.0,26.0,26.0,26.0,完整点值
"Copper - Brass (Yellow Brass) (70% Cu, 30% Zn)",20.0,20.0,20.0,111.0,111.0,111.0,完整点值
Copper - Cartridge brass (UNS C26000),20.0,20.0,20.0,120.0,120.0,120.0,完整点值
"Copper - Constantan (60% Cu, 40% Ni)",20.0,20.0,20.0,22.7,22.7,22.7,完整点值
"Copper - German Silver (62% Cu, 15% Ni, 22% Zn)",20.0,20.0,20.0,24.9,24.9,24.9,完整点值
"Copper - Phosphor bronze (10% Sn, UNS C52400)",20.0,20.0,20.0,50.0,50.0,50.0,完整点值
"Copper - Red Brass (85% Cu, 9% Sn, 6%Zn)",20.0,20.0,20.0,61.0,61.0,61.0,完整点值
Cupronickel,20.0,20.0,20.0,29.0,29.0,29.0,完整点值
Germanium,-73.0,-73.0,-73.0,96.8,96.8,96.8,完整点值
Germanium,0.0,0.0,0.0,66.7,66.7,66.7,完整点值
Germanium,127.0,127.0,127.0,43.2,43.2,43.2,完整点值
Germanium,327.0,327.0,327.0,27.3,27.3,27.3,完整点值
Germanium,527.0,527.0,527.0,19.8,19.8,19.8,完整点值
Germanium,727.0,727.0,727.0,17.4,17.4,17.4,完整点值
Germanium,927.0,927.0,927.0,17.4,17.4,17.4,完整点值
Gold,-73.0,-73.0,-73.0,327.0,327.0,327.0,完整点值
Gold,0.0,0.0,0.0,318.0,318.0,318.0,完整点值
Gold,127.0,127.0,127.0,312.0,312.0,312.0,完整点值
Gold,327.0,327.0,327.0,304.0,304.0,304.0,完整点值
Gold,527.0,527.0,527.0,292.0,292.0,292.0,完整点值
Gold,727.0,727.0,727.0,278.0,278.0,278.0,完整点值
Gold,927.0,927.0,927.0,262.0,262.0,262.0,完整点值
Hafnium,-73.0,-73.0,-73.0,24.4,24.4,24.4,完整点值
Hafnium,0.0,0.0,0.0,23.3,23.3,23.3,完整点值
Hafnium,127.0,127.0,127.0,22.3,22.3,22.3,完整点值
Hafnium,327.0,327.0,327.0,21.3,21.3,21.3,完整点值
Hafnium,527.0,527.0,527.0,20.8,20.8,20.8,完整点值
Hafnium,727.0,727.0,727.0,20.7,20.7,20.7,完整点值
Hafnium,927.0,927.0,927.0,20.9,20.9,20.9,完整点值
Hastelloy C,12.5,0.0,25.0,12.0,12.0,12.0,温度取范围中点
Inconel,60.5,21.0,100.0,15.0,15.0,15.0,温度取范围中点
Incoloy,50.0,0.0,100.0,12.0,12.0,12.0,温度取范围中点
Indium,-73.0,-73.0,-73.0,89.7,89.7,89.7,完整点值
Indium,0.0,0.0,0.0,83.7,83.7,83.7,完整点值
Indium,127.0,127.0,127.0,75.5,75.5,75.5,完整点值
Iridium,-73.0,-73.0,-73.0,153.0,153.0,153.0,完整点值
Iridium,0.0,0.0,0.0,148.0,148.0,148.0,完整点值
Iridium,127.0,127.0,127.0,144.0,144.0,144.0,完整点值
Iridium,327.0,327.0,327.0,138.0,138.0,138.0,完整点值
Iridium,527.0,527.0,527.0,132.0,132.0,132.0,完整点值
Iridium,727.0,727.0,727.0,126.0,126.0,126.0,完整点值
Iridium,927.0,927.0,927.0,120.0,120.0,120.0,完整点值
Iron,-73.0,-73.0,-73.0,94.0,94.0,94.0,完整点值
Iron,0.0,0.0,0.0,83.5,83.5,83.5,完整点值
Iron,127.0,127.0,127.0,69.4,69.4,69.4,完整点值
Iron,327.0,327.0,327.0,54.7,54.7,54.7,完整点值
Iron,527.0,527.0,527.0,43.3,43.3,43.3,完整点值
Iron,727.0,727.0,727.0,32.6,32.6,32.6,完整点值
Iron,927.0,927.0,927.0,28.2,28.2,28.2,完整点值
Iron - Cast,20.0,20.0,20.0,52.0,52.0,52.0,完整点值
Iron - Nodular pearlitic,100.0,100.0,100.0,31.0,31.0,31.0,完整点值
Iron - Wrought,20.0,20.0,20.0,59.0,59.0,59.0,完整点值
Lead,-73.0,-73.0,-73.0,36.6,36.6,36.6,完整点值
Lead,0.0,0.0,0.0,35.5,35.5,35.5,完整点值
Lead,127.0,127.0,127.0,33.8,33.8,33.8,完整点值
Lead,327.0,327.0,327.0,31.2,31.2,31.2,完整点值
Chemical lead,12.5,0.0,25.0,35.0,35.0,35.0,温度取范围中点
Antimonial lead (hard lead),12.5,0.0,25.0,30.0,30.0,30.0,温度取范围中点
Lithium,-73.0,-73.0,-73.0,88.1,88.1,88.1,完整点值
Lithium,0.0,0.0,0.0,79.2,79.2,79.2,完整点值
Lithium,127.0,127.0,127.0,72.1,72.1,72.1,完整点值
Magnesium,-73.0,-73.0,-73.0,159.0,159.0,159.0,完整点值
Magnesium,0.0,0.0,0.0,157.0,157.0,157.0,完整点值
Magnesium,127.0,127.0,127.0,153.0,153.0,153.0,完整点值
Magnesium,327.0,327.0,327.0,149.0,149.0,149.0,完整点值
Magnesium,527.0,527.0,527.0,146.0,146.0,146.0,完整点值
Magnesium alloy AZ31B,12.5,0.0,25.0,100.0,100.0,100.0,温度取范围中点
Manganese,-73.0,-73.0,-73.0,7.17,7.17,7.17,完整点值
Manganese,0.0,0.0,0.0,7.68,7.68,7.68,完整点值
Mercury,-73.0,-73.0,-73.0,28.9,28.9,28.9,完整点值
Molybdenum,-73.0,-73.0,-73.0,143.0,143.0,143.0,完整点值
Molybdenum,0.0,0.0,0.0,139.0,139.0,139.0,完整点值
Molybdenum,127.0,127.0,127.0,134.0,134.0,134.0,完整点值
Molybdenum,327.0,327.0,327.0,126.0,126.0,126.0,完整点值
Molybdenum,527.0,527.0,527.0,118.0,118.0,118.0,完整点值
Molybdenum,727.0,727.0,727.0,112.0,112.0,112.0,完整点值
Molybdenum,927.0,927.0,927.0,105.0,105.0,105.0,完整点值
Monel,50.0,0.0,100.0,26.0,26.0,26.0,温度取范围中点
Nickel,-73.0,-73.0,-73.0,106.0,106.0,106.0,完整点值
Nickel,0.0,0.0,0.0,94.0,94.0,94.0,完整点值
Nickel,127.0,127.0,127.0,80.1,80.1,80.1,完整点值
Nickel,327.0,327.0,327.0,65.5,65.5,65.5,完整点值
Nickel,527.0,527.0,527.0,67.4,67.4,67.4,完整点值
Nickel,727.0,727.0,727.0,71.8,71.8,71.8,完整点值
Nickel,927.0,927.0,927.0,76.1,76.1,76.1,完整点值
Nickel - Wrought,50.0,0.0,100.0,75.5,61.0,90.0,温度取范围中点; 导热系数取范围中点
Cupronickel 50 -45 (Constantan),12.5,0.0,25.0,20.0,20.0,20.0,温度取范围中点
Niobium (Columbium),-73.0,-73.0,-73.0,52.6,52.6,52.6,完整点值
Niobium (Columbium),0.0,0.0,0.0,53.3,53.3,53.3,完整点值
Niobium (Columbium),127.0,127.0,127.0,55.2,55.2,55.2,完整点值
Niobium (Columbium),327.0,327.0,327.0,58.2,58.2,58.2,完整点值
Niobium (Columbium),527.0,527.0,527.0,61.3,61.3,61.3,完整点值
Niobium (Columbium),727.0,727.0,727.0,64.4,64.4,64.4,完整点值
Niobium (Columbium),927.0,927.0,927.0,67.5,67.5,67.5,完整点值
Osmium,20.0,20.0,20.0,61.0,61.0,61.0,完整点值
Palladium,,,,75.5,75.5,75.5,原表温度缺失，未填补
Platinum,-73.0,-73.0,-73.0,72.4,72.4,72.4,完整点值
Platinum,0.0,0.0,0.0,71.5,71.5,71.5,完整点值
Platinum,127.0,127.0,127.0,71.6,71.6,71.6,完整点值
Platinum,327.0,327.0,327.0,73.0,73.0,73.0,完整点值
Platinum,527.0,527.0,527.0,75.5,75.5,75.5,完整点值
Platinum,727.0,727.0,727.0,78.6,78.6,78.6,完整点值
Platinum,927.0,927.0,927.0,82.6,82.6,82.6,完整点值
Plutonium,20.0,20.0,20.0,8.0,8.0,8.0,完整点值
Potassium,-73.0,-73.0,-73.0,104.0,104.0,104.0,完整点值
Potassium,0.0,0.0,0.0,104.0,104.0,104.0,完整点值
Potassium,127.0,127.0,127.0,52.0,52.0,52.0,完整点值
Rhenium,-73.0,-73.0,-73.0,51.0,51.0,51.0,完整点值
Rhenium,0.0,0.0,0.0,48.6,48.6,48.6,完整点值
Rhenium,127.0,127.0,127.0,46.1,46.1,46.1,完整点值
Rhenium,327.0,327.0,327.0,44.2,44.2,44.2,完整点值
Rhenium,527.0,527.0,527.0,44.1,44.1,44.1,完整点值
Rhenium,727.0,727.0,727.0,44.6,44.6,44.6,完整点值
Rhenium,927.0,927.0,927.0,45.7,45.7,45.7,完整点值
Rhodium,-73.0,-73.0,-73.0,154.0,154.0,154.0,完整点值
Rhodium,0.0,0.0,0.0,151.0,151.0,151.0,完整点值
Rhodium,127.0,127.0,127.0,146.0,146.0,146.0,完整点值
Rhodium,327.0,327.0,327.0,136.0,136.0,136.0,完整点值
Rhodium,527.0,527.0,527.0,127.0,127.0,127.0,完整点值
Rhodium,727.0,727.0,727.0,121.0,121.0,121.0,完整点值
Rhodium,927.0,927.0,927.0,115.0,115.0,115.0,完整点值
Rubidium,-73.0,-73.0,-73.0,58.9,58.9,58.9,完整点值
Rubidium,0.0,0.0,0.0,58.3,58.3,58.3,完整点值
Selenium,20.0,20.0,20.0,0.52,0.52,0.52,完整点值
Silicon,-73.0,-73.0,-73.0,264.0,264.0,264.0,完整点值
Silicon,0.0,0.0,0.0,168.0,168.0,168.0,完整点值
Silicon,127.0,127.0,127.0,98.9,98.9,98.9,完整点值
Silicon,327.0,327.0,327.0,61.9,61.9,61.9,完整点值
Silicon,527.0,527.0,527.0,42.2,42.2,42.2,完整点值
Silicon,727.0,727.0,727.0,31.2,31.2,31.2,完整点值
Silicon,927.0,927.0,927.0,25.7,25.7,25.7,完整点值
Silver,-73.0,-73.0,-73.0,403.0,403.0,403.0,完整点值
Silver,0.0,0.0,0.0,428.0,428.0,428.0,完整点值
Silver,127.0,127.0,127.0,420.0,420.0,420.0,完整点值
Silver,327.0,327.0,327.0,405.0,405.0,405.0,完整点值
Silver,527.0,527.0,527.0,389.0,389.0,389.0,完整点值
Silver,727.0,727.0,727.0,374.0,374.0,374.0,完整点值
Silver,927.0,927.0,927.0,358.0,358.0,358.0,完整点值
Sodium,-73.0,-73.0,-73.0,138.0,138.0,138.0,完整点值
Sodium,0.0,0.0,0.0,135.0,135.0,135.0,完整点值
Solder 50 - 50,12.5,0.0,25.0,50.0,50.0,50.0,温度取范围中点
"Steel - Carbon, 0.5% C",20.0,20.0,20.0,54.0,54.0,54.0,完整点值
"Steel - Carbon, 1% C",20.0,20.0,20.0,43.0,43.0,43.0,完整点值
"Steel - Carbon, 1.5% C",20.0,20.0,20.0,36.0,36.0,36.0,完整点值
"Steel - Carbon, 1.5% C",400.0,400.0,400.0,36.0,36.0,36.0,完整点值
"Steel - Carbon, 1.5% C",122.0,122.0,122.0,33.0,33.0,33.0,完整点值
"Steel - Chrome, 1% Cr",20.0,20.0,20.0,61.0,61.0,61.0,完整点值
"Steel - Chrome, 5% Cr",20.0,20.0,20.0,40.0,40.0,40.0,完整点值
"Steel - Chrome, 10% Cr",20.0,20.0,20.0,31.0,31.0,31.0,完整点值
"Steel - Chrome Nickel, 15% Cr, 10% Ni",20.0,20.0,20.0,19.0,19.0,19.0,完整点值
"Steel - Chrome Nickel, 20% Cr, 15% Ni",20.0,20.0,20.0,15.1,15.1,15.1,完整点值
Steel - Hastelloy B,20.0,20.0,20.0,10.0,10.0,10.0,完整点值
Steel - Hastelloy C,21.0,21.0,21.0,8.7,8.7,8.7,完整点值
"Steel - Nickel, 10% Ni",20.0,20.0,20.0,26.0,26.0,26.0,完整点值
"Steel - Nickel, 20% Ni",20.0,20.0,20.0,19.0,19.0,19.0,完整点值
"Steel - Nickel, 40% Ni",20.0,20.0,20.0,10.0,10.0,10.0,完整点值
"Steel - Nickel, 60% Ni",20.0,20.0,20.0,19.0,19.0,19.0,完整点值
"Steel - Nickel Chrome, 80% Ni, 15% Cr",20.0,20.0,20.0,17.0,17.0,17.0,完整点值
"Steel - Nickel Chrome, 40% Ni, 15% Cr",20.0,20.0,20.0,11.6,11.6,11.6,完整点值
"Steel - Manganese, 1% Mn",20.0,20.0,20.0,50.0,50.0,50.0,完整点值
"Steel - Stainless, Type 304",20.0,20.0,20.0,14.4,14.4,14.4,完整点值
"Steel - Stainless, Type 347",20.0,20.0,20.0,14.3,14.3,14.3,完整点值
"Steel - Tungsten, 1% W",20.0,20.0,20.0,66.0,66.0,66.0,完整点值
Steel - Wrought Carbon,0.0,0.0,0.0,59.0,59.0,59.0,完整点值
Tantalum,-73.0,-73.0,-73.0,57.5,57.5,57.5,完整点值
Tantalum,0.0,0.0,0.0,57.4,57.4,57.4,完整点值
Tantalum,127.0,127.0,127.0,57.8,57.8,57.8,完整点值
Tantalum,327.0,327.0,327.0,58.9,58.9,58.9,完整点值
Tantalum,527.0,527.0,527.0,59.4,59.4,59.4,完整点值
Tantalum,727.0,727.0,727.0,60.2,60.2,60.2,完整点值
Tantalum,927.0,927.0,927.0,61.0,61.0,61.0,完整点值
Thorium,20.0,20.0,20.0,42.0,42.0,42.0,完整点值
Tin,-73.0,-73.0,-73.0,73.3,73.3,73.3,完整点值
Tin,0.0,0.0,0.0,68.2,68.2,68.2,完整点值
Tin,127.0,127.0,127.0,62.2,62.2,62.2,完整点值
Titanium,-73.0,-73.0,-73.0,24.5,24.5,24.5,完整点值
Titanium,0.0,0.0,0.0,22.4,22.4,22.4,完整点值
Titanium,127.0,127.0,127.0,20.4,20.4,20.4,完整点值
Titanium,327.0,327.0,327.0,19.4,19.4,19.4,完整点值
Titanium,527.0,527.0,527.0,19.7,19.7,19.7,完整点值
Titanium,727.0,727.0,727.0,20.7,20.7,20.7,完整点值
Titanium,927.0,927.0,927.0,22.0,22.0,22.0,完整点值
Tungsten,-73.0,-73.0,-73.0,197.0,197.0,197.0,完整点值
Tungsten,0.0,0.0,0.0,182.0,182.0,182.0,完整点值
Tungsten,127.0,127.0,127.0,162.0,162.0,162.0,完整点值
Tungsten,327.0,327.0,327.0,139.0,139.0,139.0,完整点值
Tungsten,527.0,527.0,527.0,128.0,128.0,128.0,完整点值
Tungsten,727.0,727.0,727.0,121.0,121.0,121.0,完整点值
Tungsten,927.0,927.0,927.0,115.0,115.0,115.0,完整点值
Uranium,-73.0,-73.0,-73.0,25.1,25.1,25.1,完整点值
Uranium,0.0,0.0,0.0,27.0,27.0,27.0,完整点值
Uranium,127.0,127.0,127.0,29.6,29.6,29.6,完整点值
Uranium,327.0,327.0,327.0,34.0,34.0,34.0,完整点值
Uranium,527.0,527.0,527.0,38.8,38.8,38.8,完整点值
Uranium,727.0,727.0,727.0,43.9,43.9,43.9,完整点值
Uranium,927.0,927.0,927.0,49.0,49.0,49.0,完整点值
Vanadium,-73.0,-73.0,-73.0,31.5,31.5,31.5,完整点值
Vanadium,0.0,0.0,0.0,31.3,31.3,31.3,完整点值
Vanadium,427.0,427.0,427.0,32.1,32.1,32.1,完整点值
Vanadium,327.0,327.0,327.0,34.2,34.2,34.2,完整点值
Vanadium,527.0,527.0,527.0,36.3,36.3,36.3,完整点值
Vanadium,727.0,727.0,727.0,38.6,38.6,38.6,完整点值
Vanadium,927.0,927.0,927.0,41.2,41.2,41.2,完整点值
Zinc,-73.0,-73.0,-73.0,123.0,123.0,123.0,完整点值
Zinc,0.0,0.0,0.0,122.0,122.0,122.0,完整点值
Zinc,127.0,127.0,127.0,116.0,116.0,116.0,完整点值
Zinc,327.0,327.0,327.0,105.0,105.0,105.0,完整点值
Zirconium,-73.0,-73.0,-73.0,25.2,25.2,25.2,完整点值
Zirconium,0.0,0.0,0.0,23.2,23.2,23.2,完整点值
Zirconium,127.0,127.0,127.0,21.6,21.6,21.6,完整点值
Zirconium,327.0,327.0,327.0,20.7,20.7,20.7,完整点值
Zirconium,527.0,527.0,527.0,21.6,21.6,21.6,完整点值
Zirconium,727.0,727.0,727.0,23.7,23.7,23.7,完整点值
Zirconium,927.0,927.0,927.0,25.7,25.7,25.7,完整点值
