数据表,材料名称,材料牌号,试验周期_月,试验地点,试验区域,腐蚀介质,腐蚀类型,腐蚀速率_mm_a,数据来源,原始文件,腐蚀失厚率_um_a,腐蚀失重率_g_cm2_a
不锈钢海水环境腐蚀基础数据,2Cr13,,12,厦门,飞溅区,,缝隙腐蚀,0.0045,,不锈钢海水_13.html,,
不锈钢海水环境腐蚀基础数据,2Cr13,,24,厦门,飞溅区,,"点蚀,缝隙腐蚀",0.0043,,不锈钢海水_14.html,,
不锈钢海水环境腐蚀基础数据,2Cr13,,48,厦门,飞溅区,,点蚀,0.0077,,不锈钢海水_15.html,,
不锈钢海水环境腐蚀基础数据,2Cr13,,96,厦门,飞溅区,,点蚀,0.0065,,不锈钢海水_16.html,,
不锈钢海水环境腐蚀基础数据,2Cr13,,12,榆林,潮差区,,"溃疡腐蚀,缝隙腐蚀 局部腐蚀最大深度：穿孔 最大缝隙腐蚀深度：穿孔(1,6)",0.016,,不锈钢海水_17.html,,
不锈钢海水环境腐蚀基础数据,2Cr13,,24,榆林,潮差区,,"点蚀,缝隙腐蚀 局部腐蚀最大深度：穿孔 最大缝隙腐蚀深度：穿孔",0.011,,不锈钢海水_18.html,,
不锈钢海水环境腐蚀基础数据,2Cr13,,48,榆林,潮差区,,"溃疡腐蚀,缝隙腐蚀 局部腐蚀最大深度：穿孔 最大缝隙腐蚀深度：穿孔",0.0069,,不锈钢海水_19.html,,
不锈钢海水环境腐蚀基础数据,1Cr18Ni9Ti,,12,青岛,全浸区,,缝隙腐蚀,0.008,,不锈钢海水_1Cr18Ni9Ti_29.html,,
不锈钢海水环境腐蚀基础数据,1Cr18Ni9Ti,,24,青岛,全浸区,,"隧道腐蚀,缝隙腐蚀 局部腐蚀最大深度：穿孔 最大缝隙腐蚀深度：穿孔(2,0)",0.013,,不锈钢海水_1Cr18Ni9Ti_30.html,,
不锈钢海水环境腐蚀基础数据,1Cr18Ni9Ti,,48,青岛,全浸区,,"隧道腐蚀,边缘腐蚀,缝隙腐蚀 局部腐蚀最大深度：穿孔 最大缝隙腐蚀深度：穿孔",0.0075,,不锈钢海水_1Cr18Ni9Ti_31.html,,
不锈钢海水环境腐蚀基础数据,1Cr18Ni9Ti,,96,青岛,全浸区,,"隧道腐蚀,边缘腐蚀,缝隙腐蚀 局部腐蚀最大深度：穿孔 最大缝隙腐蚀深度：穿孔",0.0041,,不锈钢海水_1Cr18Ni9Ti_32.html,,
不锈钢海水环境腐蚀基础数据,304,,24,青岛,全浸区,,,0.000470972535,,不锈钢海水_304_64.html,,
不锈钢海水环境腐蚀基础数据,304,,24,三亚,全浸区,,,0.0157639031436,,不锈钢海水_304_67.html,,
不锈钢海水环境腐蚀基础数据,304,,24,舟山,全浸区,,,0.0127346697977,,不锈钢海水_304_70.html,,
不锈钢海水环境腐蚀基础数据,304,,24,郑州,全浸区,,,-3.54723875e-05,,不锈钢海水_304_73.html,,
不锈钢海水环境腐蚀基础数据,316L,,24,青岛,全浸区,,,0.0001717189875,,不锈钢海水_316L_75.html,,
不锈钢海水环境腐蚀基础数据,316L,,24,三亚,全浸区,,,0.0049359743573,,不锈钢海水_316L_78.html,,
不锈钢海水环境腐蚀基础数据,316L,,24,舟山,全浸区,,,0.0013678344025,,不锈钢海水_316L_81.html,,
不锈钢海水环境腐蚀基础数据,316L,,24,武汉,全浸区,,,-3.02207924e-05,,不锈钢海水_316L_84.html,,
有色金属水环境腐蚀数据,B10,,24,厦门,潮差区,海水（东海）,,0.0042,八五数据,有色金属水环境_100.html,4.2,
有色金属水环境腐蚀数据,LY12CZ,,96,榆林,飞溅区,海水（南海）,,0.0001,八五数据,有色金属水环境_1000.html,0.1,
有色金属水环境腐蚀数据,LY12CZ,,12,青岛,全浸区,海水（黄海）,,0.22,八五数据,有色金属水环境_1001.html,220,
有色金属水环境腐蚀数据,LY12CZ,,24,青岛,全浸区,海水（黄海）,,0.098,八五数据,有色金属水环境_1002.html,98,
有色金属水环境腐蚀数据,LY12CZ,,48,青岛,全浸区,海水（黄海）,,0.056,八五数据,有色金属水环境_1003.html,56,
有色金属水环境腐蚀数据,LY12CZ,,12,厦门,全浸区,海水（东海）,,0.16,八五数据,有色金属水环境_1004.html,160,
有色金属水环境腐蚀数据,LY12CZ,,24,厦门,全浸区,海水（东海）,,0.044,八五数据,有色金属水环境_1005.html,44,
有色金属水环境腐蚀数据,LY12CZ,,48,厦门,全浸区,海水（东海）,,0.044,八五数据,有色金属水环境_1006.html,44,
有色金属水环境腐蚀数据,LY12CZ,,96,厦门,全浸区,海水（东海）,点蚀最大深度：穿孔,0.028,八五数据,有色金属水环境_1007.html,28,
有色金属水环境腐蚀数据,LY12CZ,,12,厦门,全浸区,海水（南海）,,0.055,八五数据,有色金属水环境_1008.html,55,
有色金属水环境腐蚀数据,LY12CZ,,24,厦门,全浸区,海水（南海）,,0.028,八五数据,有色金属水环境_1009.html,28,
有色金属水环境腐蚀数据,B10,,24,厦门,飞溅区,海水（东海）,,0.0023,八五数据,有色金属水环境_101.html,2.3,
有色金属水环境腐蚀数据,LY12CZ,,48,厦门,全浸区,海水（南海）,,0.025,八五数据,有色金属水环境_1010.html,25,
有色金属水环境腐蚀数据,LY12CZ,,96,厦门,全浸区,海水（南海）,,0.014,八五数据,有色金属水环境_1011.html,14,
有色金属水环境腐蚀数据,QBe2,,12,青岛,全浸区,海水（黄海）,,0.011,八五数据,有色金属水环境_1012.html,11,
有色金属水环境腐蚀数据,QBe2,,12,青岛,潮差区,海水（黄海）,,0.0092,八五数据,有色金属水环境_1013.html,9.2,
有色金属水环境腐蚀数据,QBe2,,12,青岛,飞溅区,海水（黄海）,,0.0055,八五数据,有色金属水环境_1014.html,5.5,
有色金属水环境腐蚀数据,QBe2,,12,厦门,全浸区,海水（东海）,,0.015,八五数据,有色金属水环境_1015.html,15,
有色金属水环境腐蚀数据,QBe2,,12,厦门,潮差区,海水（东海）,,0.0081,八五数据,有色金属水环境_1016.html,8.1,
有色金属水环境腐蚀数据,QBe2,,12,厦门,飞溅区,海水（东海）,,0.0029,八五数据,有色金属水环境_1017.html,2.9,
有色金属水环境腐蚀数据,QBe2,,12,榆林,全浸区,海水（南海）,,0.019,八五数据,有色金属水环境_1018.html,19,
有色金属水环境腐蚀数据,QBe2,,12,榆林,潮差区,海水（南海）,,0.0094,八五数据,有色金属水环境_1019.html,9.4,
有色金属水环境腐蚀数据,B10,,24,榆林,全浸区,海水（南海）,,0.012,八五数据,有色金属水环境_102.html,12,
有色金属水环境腐蚀数据,QBe2,,12,榆林,飞溅区,海水（南海）,,0.002,八五数据,有色金属水环境_1020.html,2,
有色金属水环境腐蚀数据,QBe2,,24,青岛,全浸区,海水（黄海）,,0.011,八五数据,有色金属水环境_1021.html,11,
有色金属水环境腐蚀数据,QBe2,,24,青岛,潮差区,海水（黄海）,,0.0058,八五数据,有色金属水环境_1022.html,5.8,
有色金属水环境腐蚀数据,QBe2,,24,青岛,飞溅区,海水（黄海）,,0.005,八五数据,有色金属水环境_1023.html,5,
有色金属水环境腐蚀数据,QBe2,,24,厦门,全浸区,海水（东海）,,0.011,八五数据,有色金属水环境_1024.html,11,
有色金属水环境腐蚀数据,QBe2,,24,厦门,潮差区,海水（东海）,,0.005,八五数据,有色金属水环境_1025.html,5,
有色金属水环境腐蚀数据,QBe2,,24,厦门,飞溅区,海水（东海）,,0.0024,八五数据,有色金属水环境_1026.html,2.4,
有色金属水环境腐蚀数据,QBe2,,24,榆林,全浸区,海水（南海）,,0.017,八五数据,有色金属水环境_1027.html,17,
有色金属水环境腐蚀数据,QBe2,,24,榆林,潮差区,海水（南海）,,0.0055,八五数据,有色金属水环境_1028.html,5.5,
有色金属水环境腐蚀数据,QBe2,,24,榆林,飞溅区,海水（南海）,,0.002,八五数据,有色金属水环境_1029.html,2,
有色金属水环境腐蚀数据,B10,,24,榆林,潮差区,海水（南海）,,0.0029,八五数据,有色金属水环境_103.html,2.9,
有色金属水环境腐蚀数据,QBe2,,24,舟山,全浸区,海水（东海）,,0.017,八五数据,有色金属水环境_1030.html,17,
有色金属水环境腐蚀数据,QBe2,,24,舟山,潮差区,海水（东海）,,0.0028,八五数据,有色金属水环境_1031.html,2.8,
有色金属水环境腐蚀数据,QBe2,,24,舟山,飞溅区,海水（东海）,,0.0006,八五数据,有色金属水环境_1032.html,0.6,
有色金属水环境腐蚀数据,QBe2,,48,青岛,全浸区,海水（黄海）,,0.0075,八五数据,有色金属水环境_1033.html,7.5,
有色金属水环境腐蚀数据,QBe2,,48,青岛,潮差区,海水（黄海）,,0.0036,八五数据,有色金属水环境_1034.html,3.6,
有色金属水环境腐蚀数据,QBe2,,48,青岛,飞溅区,海水（黄海）,,0.0025,八五数据,有色金属水环境_1035.html,2.5,
有色金属水环境腐蚀数据,QBe2,,48,厦门,全浸区,海水（东海）,,0.0061,八五数据,有色金属水环境_1036.html,6.1,
有色金属水环境腐蚀数据,QBe2,,48,厦门,潮差区,海水（东海）,,0.0029,八五数据,有色金属水环境_1037.html,2.9,
有色金属水环境腐蚀数据,QBe2,,48,厦门,飞溅区,海水（东海）,,0.0022,八五数据,有色金属水环境_1038.html,2.2,
有色金属水环境腐蚀数据,QBe2,,48,榆林,全浸区,海水（南海）,,0.012,八五数据,有色金属水环境_1039.html,12,
有色金属水环境腐蚀数据,B10,,24,榆林,飞溅区,海水（南海）,,0.0017,八五数据,有色金属水环境_104.html,1.7,
有色金属水环境腐蚀数据,QBe2,,48,榆林,潮差区,海水（南海）,,0.0033,八五数据,有色金属水环境_1040.html,3.3,
有色金属水环境腐蚀数据,QBe2,,48,榆林,飞溅区,海水（南海）,,0.0013,八五数据,有色金属水环境_1041.html,1.3,
有色金属水环境腐蚀数据,QBe2,,48,舟山,全浸区,海水（东海）,,0.012,八五数据,有色金属水环境_1042.html,12,
有色金属水环境腐蚀数据,QBe2,,48,舟山,潮差区,海水（东海）,,0.0023,八五数据,有色金属水环境_1043.html,2.3,
有色金属水环境腐蚀数据,QBe2,,48,舟山,飞溅区,海水（东海）,,0.0012,八五数据,有色金属水环境_1044.html,1.2,
有色金属水环境腐蚀数据,QBe2,,96,青岛,全浸区,海水（黄海）,,0.0061,八五数据,有色金属水环境_1045.html,6.1,
有色金属水环境腐蚀数据,QBe2,,96,青岛,潮差区,海水（黄海）,,0.003,八五数据,有色金属水环境_1046.html,3,
有色金属水环境腐蚀数据,QBe2,,96,青岛,飞溅区,海水（黄海）,,0.002,八五数据,有色金属水环境_1047.html,2,
有色金属水环境腐蚀数据,QBe2,,96,厦门,全浸区,海水（东海）,,0.0056,八五数据,有色金属水环境_1048.html,5.6,
有色金属水环境腐蚀数据,QBe2,,96,厦门,潮差区,海水（东海）,,0.0026,八五数据,有色金属水环境_1049.html,2.6,
有色金属水环境腐蚀数据,B10,,24,舟山,全浸区,海水（东海）,,0.017,八五数据,有色金属水环境_105.html,17,
有色金属水环境腐蚀数据,QBe2,,96,厦门,飞溅区,海水（东海）,,0.0021,八五数据,有色金属水环境_1050.html,2.1,
有色金属水环境腐蚀数据,QBe2,,96,榆林,全浸区,海水（南海）,,0.0094,八五数据,有色金属水环境_1051.html,9.4,
有色金属水环境腐蚀数据,QBe2,,96,榆林,潮差区,海水（南海）,,0.0017,八五数据,有色金属水环境_1052.html,1.7,
有色金属水环境腐蚀数据,QBe2,,96,榆林,飞溅区,海水（南海）,,0.0008,八五数据,有色金属水环境_1053.html,0.8,
有色金属水环境腐蚀数据,B10,,24,舟山,潮差区,海水（东海）,,0.0064,八五数据,有色金属水环境_106.html,6.4,
有色金属水环境腐蚀数据,B10,,24,舟山,飞溅区,海水（东海）,,0.0019,八五数据,有色金属水环境_107.html,1.9,
有色金属水环境腐蚀数据,B10,,48,青岛,全浸区,海水（黄海）,,0.007,八五数据,有色金属水环境_108.html,7,
有色金属水环境腐蚀数据,B10,,48,青岛,潮差区,海水（黄海）,,0.0035,八五数据,有色金属水环境_109.html,3.5,
有色金属水环境腐蚀数据,B10,,48,青岛,飞溅区,海水（黄海）,,0.0043,八五数据,有色金属水环境_110.html,4.3,
有色金属水环境腐蚀数据,B10,,48,厦门,全浸区,海水（东海）,,0.015,八五数据,有色金属水环境_111.html,15,
有色金属水环境腐蚀数据,B10,,48,厦门,潮差区,海水（东海）,,0.0038,八五数据,有色金属水环境_112.html,3.8,
有色金属水环境腐蚀数据,B10,,48,厦门,飞溅区,海水（东海）,,0.0023,八五数据,有色金属水环境_113.html,2.3,
有色金属水环境腐蚀数据,T2,,12,青岛,全浸区,海水（黄海）,,0.02,八五数据,有色金属水环境_1136.html,20,
有色金属水环境腐蚀数据,T2,,12,青岛,潮差区,海水（黄海）,,0.024,八五数据,有色金属水环境_1137.html,24,
有色金属水环境腐蚀数据,T2,,12,青岛,飞溅区,海水（黄海）,,0.011,八五数据,有色金属水环境_1138.html,11,
有色金属水环境腐蚀数据,T2,,12,厦门,全浸区,海水（东海）,,0.324,八五数据,有色金属水环境_1139.html,324,
有色金属水环境腐蚀数据,B10,,48,榆林,全浸区,海水（南海）,,0.0091,八五数据,有色金属水环境_114.html,9.1,
有色金属水环境腐蚀数据,T2,,12,厦门,潮差区,海水（东海）,,0.016,八五数据,有色金属水环境_1140.html,16,
有色金属水环境腐蚀数据,T2,,12,厦门,飞溅区,海水（东海）,,0.0043,八五数据,有色金属水环境_1141.html,4.3,
有色金属水环境腐蚀数据,T2,,12,榆林,全浸区,海水（南海）,,0.028,八五数据,有色金属水环境_1142.html,28,
有色金属水环境腐蚀数据,T2,,12,榆林,潮差区,海水（南海）,,0.011,八五数据,有色金属水环境_1143.html,11,
有色金属水环境腐蚀数据,T2,,12,榆林,飞溅区,海水（南海）,,0.0067,八五数据,有色金属水环境_1144.html,6.7,
有色金属水环境腐蚀数据,T2,,24,青岛,全浸区,海水（黄海）,,0.013,八五数据,有色金属水环境_1145.html,13,
有色金属水环境腐蚀数据,T2,,24,青岛,潮差区,海水（黄海）,,0.015,八五数据,有色金属水环境_1146.html,15,
有色金属水环境腐蚀数据,T2,,24,青岛,飞溅区,海水（黄海）,,0.0079,八五数据,有色金属水环境_1147.html,7.9,
有色金属水环境腐蚀数据,T2,,24,厦门,全浸区,海水（东海）,,0.0055,八五数据,有色金属水环境_1148.html,5.5,
有色金属水环境腐蚀数据,T2,,24,厦门,潮差区,海水（东海）,,0.011,八五数据,有色金属水环境_1149.html,11,
有色金属水环境腐蚀数据,B10,,48,榆林,潮差区,海水（南海）,,0.002,八五数据,有色金属水环境_115.html,2,
有色金属水环境腐蚀数据,T2,,24,厦门,飞溅区,海水（东海）,,0.0035,八五数据,有色金属水环境_1150.html,3.5,
有色金属水环境腐蚀数据,T2,,24,榆林,全浸区,海水（南海）,,0.022,八五数据,有色金属水环境_1151.html,22,
有色金属水环境腐蚀数据,T2,,24,榆林,潮差区,海水（南海）,,0.0062,八五数据,有色金属水环境_1152.html,6.2,
有色金属水环境腐蚀数据,T2,,24,榆林,飞溅区,海水（南海）,,0.0044,八五数据,有色金属水环境_1153.html,4.4,
有色金属水环境腐蚀数据,T2,,24,舟山,全浸区,海水（东海）,,0.017,八五数据,有色金属水环境_1154.html,17,
有色金属水环境腐蚀数据,T2,,24,舟山,潮差区,海水（东海）,,0.012,八五数据,有色金属水环境_1155.html,12,
有色金属水环境腐蚀数据,T2,,24,舟山,飞溅区,海水（东海）,,0.0019,八五数据,有色金属水环境_1156.html,1.9,
有色金属水环境腐蚀数据,T2,,48,青岛,全浸区,海水（黄海）,,0.011,八五数据,有色金属水环境_1157.html,11,
有色金属水环境腐蚀数据,T2,,48,青岛,潮差区,海水（黄海）,,0.0087,八五数据,有色金属水环境_1158.html,8.7,
有色金属水环境腐蚀数据,T2,,48,青岛,飞溅区,海水（黄海）,,0.0031,八五数据,有色金属水环境_1159.html,3.1,
有色金属水环境腐蚀数据,B10,,48,榆林,飞溅区,海水（南海）,,0.0011,八五数据,有色金属水环境_116.html,1.1,
有色金属水环境腐蚀数据,T2,,48,厦门,全浸区,海水（东海）,,0.011,八五数据,有色金属水环境_1160.html,11,
有色金属水环境腐蚀数据,T2,,48,厦门,潮差区,海水（东海）,,0.0066,八五数据,有色金属水环境_1161.html,6.6,
有色金属水环境腐蚀数据,T2,,48,厦门,飞溅区,海水（东海）,,0.0033,八五数据,有色金属水环境_1162.html,3.3,
有色金属水环境腐蚀数据,T2,,48,榆林,全浸区,海水（南海）,,0.013,八五数据,有色金属水环境_1163.html,13,
有色金属水环境腐蚀数据,T2,,48,榆林,潮差区,海水（南海）,,0.0038,八五数据,有色金属水环境_1164.html,3.8,
有色金属水环境腐蚀数据,T2,,48,榆林,飞溅区,海水（南海）,,0.0032,八五数据,有色金属水环境_1165.html,3.2,
有色金属水环境腐蚀数据,T2,,48,舟山,全浸区,海水（东海）,,0.013,八五数据,有色金属水环境_1166.html,13,
有色金属水环境腐蚀数据,T2,,48,舟山,潮差区,海水（东海）,,0.0083,八五数据,有色金属水环境_1167.html,8.3,
有色金属水环境腐蚀数据,T2,,48,舟山,飞溅区,海水（东海）,,0.0022,八五数据,有色金属水环境_1168.html,2.2,
有色金属水环境腐蚀数据,T2,,96,青岛,全浸区,海水（黄海）,,0.0086,八五数据,有色金属水环境_1169.html,8.6,
有色金属水环境腐蚀数据,B10,,48,舟山,全浸区,海水（东海）,,0.012,八五数据,有色金属水环境_117.html,12,
有色金属水环境腐蚀数据,T2,,96,青岛,潮差区,海水（黄海）,,0.0062,八五数据,有色金属水环境_1170.html,6.2,
有色金属水环境腐蚀数据,T2,,96,青岛,飞溅区,海水（黄海）,,0.0026,八五数据,有色金属水环境_1171.html,2.6,
有色金属水环境腐蚀数据,T2,,96,厦门,全浸区,海水（东海）,,0.0091,八五数据,有色金属水环境_1172.html,9.1,
有色金属水环境腐蚀数据,T2,,96,厦门,潮差区,海水（东海）,,0.0047,八五数据,有色金属水环境_1173.html,4.7,
有色金属水环境腐蚀数据,T2,,96,厦门,飞溅区,海水（东海）,,0.0028,八五数据,有色金属水环境_1174.html,2.8,
有色金属水环境腐蚀数据,T2,,96,榆林,全浸区,海水（南海）,,0.016,八五数据,有色金属水环境_1175.html,16,
有色金属水环境腐蚀数据,T2,,96,榆林,潮差区,海水（南海）,,0.0031,八五数据,有色金属水环境_1176.html,3.1,
有色金属水环境腐蚀数据,T2,,96,榆林,飞溅区,海水（南海）,,0.0036,八五数据,有色金属水环境_1177.html,3.6,
有色金属水环境腐蚀数据,B10,,48,舟山,潮差区,海水（东海）,,0.0029,八五数据,有色金属水环境_118.html,2.9,
有色金属水环境腐蚀数据,B10,,48,舟山,飞溅区,海水（东海）,,0.0017,八五数据,有色金属水环境_119.html,1.7,
有色金属水环境腐蚀数据,B30(G),,12,青岛,全浸区,海水（黄海）,,0.0066,八五数据,有色金属水环境_120.html,6.6,
有色金属水环境腐蚀数据,B30(G),,12,青岛,潮差区,海水（黄海）,,0.0041,八五数据,有色金属水环境_121.html,4.1,
有色金属水环境腐蚀数据,B30(G),,12,榆林,全浸区,海水（南海）,,0.0056,八五数据,有色金属水环境_122.html,5.6,
有色金属水环境腐蚀数据,B30(G),,12,舟山,全浸区,海水（东海）,,0.0093,八五数据,有色金属水环境_123.html,9.3,
有色金属水环境腐蚀数据,B10,,96,舟山,全浸区,海水（东海）,,0.0007,九五数据,有色金属水环境_1231.html,0.7,
有色金属水环境腐蚀数据,B10,,96,舟山,潮差区,海水（东海）,,0.0002,九五数据,有色金属水环境_1232.html,0.2,
有色金属水环境腐蚀数据,B10,,96,舟山,飞溅区,海水（东海）,,0.0008,九五数据,有色金属水环境_1233.html,0.8,
有色金属水环境腐蚀数据,B10,,192,榆林,全浸区,海水（南海）,,0.0143,九五数据,有色金属水环境_1234.html,14.3,
有色金属水环境腐蚀数据,B30,,96,舟山,全浸区,海水（东海）,,0.0006,九五数据,有色金属水环境_1235.html,0.6,
有色金属水环境腐蚀数据,B30-1-1,,192,榆林,全浸区,海水（南海）,,0.0062,九五数据,有色金属水环境_1236.html,6.2,
有色金属水环境腐蚀数据,B30(G),,24,青岛,全浸区,海水（黄海）,,0.0061,八五数据,有色金属水环境_124.html,6.1,
有色金属水环境腐蚀数据,B30(G),,24,青岛,潮差区,海水（黄海）,,0.0038,八五数据,有色金属水环境_125.html,3.8,
有色金属水环境腐蚀数据,B30(G),,24,榆林,全浸区,海水（南海）,,0.0043,八五数据,有色金属水环境_126.html,4.3,
有色金属水环境腐蚀数据,B30(G),,24,舟山,全浸区,海水（东海）,,0.0077,八五数据,有色金属水环境_127.html,7.7,
有色金属水环境腐蚀数据,B30(G),,48,榆林,全浸区,海水（南海）,,,八五数据,有色金属水环境_128.html,,
有色金属水环境腐蚀数据,LC4CS,,192,青岛,全浸区,海水（黄海）,,0.004,九五数据,有色金属水环境_1280.html,4,
有色金属水环境腐蚀数据,LC4CS,,192,青岛,潮差区,海水（黄海）,,0.0022,九五数据,有色金属水环境_1281.html,2.2,
有色金属水环境腐蚀数据,LC4CS,,192,青岛,飞溅区,海水（黄海）,,0.0043,九五数据,有色金属水环境_1282.html,4.3,
有色金属水环境腐蚀数据,LC4CS,,96,舟山,全浸区,海水（东海）,,0.0004,九五数据,有色金属水环境_1283.html,0.4,
有色金属水环境腐蚀数据,LC4CS,,96,舟山,潮差区,海水（东海）,,0.0007,九五数据,有色金属水环境_1284.html,0.7,
有色金属水环境腐蚀数据,LC4CS,,96,舟山,飞溅区,海水（东海）,,0.004,九五数据,有色金属水环境_1285.html,4,
有色金属水环境腐蚀数据,LC4CS,,192,厦门,全浸区,海水（东海）,,0.0004,九五数据,有色金属水环境_1286.html,0.4,
有色金属水环境腐蚀数据,LC4CS,,192,厦门,潮差区,海水（东海）,,0.0026,九五数据,有色金属水环境_1287.html,2.6,
有色金属水环境腐蚀数据,LC4CS,,192,榆林,全浸区,海水（南海）,,0.0032,九五数据,有色金属水环境_1288.html,3.2,
有色金属水环境腐蚀数据,LC4CS,,192,榆林,潮差区,海水（南海）,,0.0044,九五数据,有色金属水环境_1289.html,4.4,
有色金属水环境腐蚀数据,B30(G),,48,舟山,全浸区,海水（东海）,,0.0053,八五数据,有色金属水环境_129.html,5.3,
有色金属水环境腐蚀数据,LC4CS,,192,榆林,飞溅区,海水（南海）,,0.0012,九五数据,有色金属水环境_1290.html,1.2,
有色金属水环境腐蚀数据,B30（L）,,12,青岛,全浸区,海水（黄海）,,0.016,八五数据,有色金属水环境_130.html,16,
有色金属水环境腐蚀数据,B30（L）,,12,青岛,潮差区,海水（黄海）,,0.0098,八五数据,有色金属水环境_131.html,9.8,
有色金属水环境腐蚀数据,B30（L）,,12,厦门,全浸区,海水（东海）,,0.0055,八五数据,有色金属水环境_132.html,5.5,
有色金属水环境腐蚀数据,B30（L）,,12,榆林,全浸区,海水（南海）,,0.0061,八五数据,有色金属水环境_133.html,6.1,
有色金属水环境腐蚀数据,B30（L）,,12,舟山,全浸区,海水（东海）,,0.0086,八五数据,有色金属水环境_134.html,8.6,
有色金属水环境腐蚀数据,B30（L）,,24,青岛,全浸区,海水（黄海）,,0.0098,八五数据,有色金属水环境_135.html,9.8,
有色金属水环境腐蚀数据,LY12CZ,,192,青岛,全浸区,海水（黄海）,,0.0026,九五数据,有色金属水环境_1356.html,2.6,
有色金属水环境腐蚀数据,LY12CZ,,192,青岛,潮差区,海水（黄海）,,0.0021,九五数据,有色金属水环境_1357.html,2.1,
有色金属水环境腐蚀数据,LY12CZ,,192,青岛,飞溅区,海水（黄海）,,0.0045,九五数据,有色金属水环境_1358.html,4.5,
有色金属水环境腐蚀数据,LY12CZ,,96,舟山,全浸区,海水（东海）,,0.0005,九五数据,有色金属水环境_1359.html,0.5,
有色金属水环境腐蚀数据,B30（L）,,24,青岛,潮差区,海水（黄海）,,0.005,八五数据,有色金属水环境_136.html,5,
有色金属水环境腐蚀数据,LY12CZ,,96,舟山,潮差区,海水（东海）,,0.0006,九五数据,有色金属水环境_1360.html,0.6,
有色金属水环境腐蚀数据,LY12CZ,,192,厦门,全浸区,海水（东海）,,0.0003,九五数据,有色金属水环境_1361.html,0.3,
有色金属水环境腐蚀数据,LY12CZ,,192,厦门,潮差区,海水（东海）,,0.0032,九五数据,有色金属水环境_1362.html,3.2,
有色金属水环境腐蚀数据,LY12CZ,,192,榆林,全浸区,海水（南海）,,0.0025,九五数据,有色金属水环境_1363.html,2.5,
有色金属水环境腐蚀数据,LY12CZ,,192,榆林,潮差区,海水（南海）,,0.0076,九五数据,有色金属水环境_1364.html,7.6,
有色金属水环境腐蚀数据,LY12CZ,,192,榆林,飞溅区,海水（南海）,,0.0008,九五数据,有色金属水环境_1365.html,0.8,
有色金属水环境腐蚀数据,QBe2,,192,青岛,飞溅区,海水（黄海）,,0.002,九五数据,有色金属水环境_1366.html,2,
有色金属水环境腐蚀数据,QBe2,,96,舟山,全浸区,海水（东海）,,0.0011,九五数据,有色金属水环境_1367.html,1.1,
有色金属水环境腐蚀数据,QBe2,,96,舟山,潮差区,海水（东海）,,0.0001,九五数据,有色金属水环境_1368.html,0.1,
有色金属水环境腐蚀数据,QBe2,,96,舟山,飞溅区,海水（东海）,,0.0006,九五数据,有色金属水环境_1369.html,0.6,
有色金属水环境腐蚀数据,B30（L）,,24,厦门,全浸区,海水（东海）,,0.0074,八五数据,有色金属水环境_137.html,7.4,
有色金属水环境腐蚀数据,QBe2,,192,榆林,全浸区,海水（南海）,,0.0087,九五数据,有色金属水环境_1370.html,8.7,
有色金属水环境腐蚀数据,B30（L）,,24,榆林,全浸区,海水（南海）,,0.0077,八五数据,有色金属水环境_138.html,7.7,
有色金属水环境腐蚀数据,T2,,192,青岛,潮差区,海水（黄海）,,0.0036,九五数据,有色金属水环境_1381.html,3.6,
有色金属水环境腐蚀数据,T2,,192,青岛,飞溅区,海水（黄海）,,0.0021,九五数据,有色金属水环境_1382.html,2.1,
有色金属水环境腐蚀数据,T2,,96,舟山,全浸区,海水（东海）,,0.0011,九五数据,有色金属水环境_1383.html,1.1,
有色金属水环境腐蚀数据,T2,,96,舟山,潮差区,海水（东海）,,0.0006,九五数据,有色金属水环境_1384.html,0.6,
有色金属水环境腐蚀数据,T2,,96,舟山,飞溅区,海水（东海）,,0.0012,九五数据,有色金属水环境_1385.html,1.2,
有色金属水环境腐蚀数据,T2,,192,榆林,全浸区,海水（南海）,,0.0073,九五数据,有色金属水环境_1386.html,7.3,
有色金属水环境腐蚀数据,B30（L）,,24,舟山,全浸区,海水（东海）,,0.008,八五数据,有色金属水环境_139.html,8,
有色金属水环境腐蚀数据,2#耐蚀铝合金,,6,格尔木,,盐湖水,,0.102,数据汇编2001,有色金属水环境_1393.html,102,
有色金属水环境腐蚀数据,2#耐蚀铝合金,,6,青岛,全浸区,海水（黄海）,,0.044,数据汇编2001,有色金属水环境_1394.html,44,
有色金属水环境腐蚀数据,2#耐蚀铝合金,,6,青岛,潮差区,海水（黄海）,,0.0024,数据汇编2001,有色金属水环境_1395.html,2.4,
有色金属水环境腐蚀数据,2#耐蚀铝合金,,6,青岛,飞溅区,海水（黄海）,,0.0038,数据汇编2001,有色金属水环境_1396.html,3.8,
有色金属水环境腐蚀数据,2#耐蚀铝合金,,6,厦门,全浸区,海水（东海）,,0.0722,数据汇编2001,有色金属水环境_1397.html,72.2,
有色金属水环境腐蚀数据,2#耐蚀铝合金,,6,厦门,潮差区,海水（东海）,,0.0052,数据汇编2001,有色金属水环境_1398.html,5.2,
有色金属水环境腐蚀数据,2#耐蚀铝合金,,6,厦门,飞溅区,海水（东海）,,0.002,数据汇编2001,有色金属水环境_1399.html,2,
有色金属水环境腐蚀数据,B30（L）,,48,舟山,全浸区,海水（东海）,,0.0056,八五数据,有色金属水环境_140.html,5.6,
有色金属水环境腐蚀数据,2#耐蚀铝合金,,6,舟山,全浸区,海水（东海）,,,数据汇编2001,有色金属水环境_1400.html,,
有色金属水环境腐蚀数据,2#耐蚀铝合金,,6,舟山,潮差区,海水（东海）,,0.0093,数据汇编2001,有色金属水环境_1401.html,9.3,
有色金属水环境腐蚀数据,2#耐蚀铝合金,,6,舟山,飞溅区,海水（东海）,,0.0062,数据汇编2001,有色金属水环境_1402.html,6.2,
有色金属水环境腐蚀数据,B30(R）,,12,舟山,全浸区,海水（东海）,,0.011,八五数据,有色金属水环境_141.html,11,
有色金属水环境腐蚀数据,4#高纯LC4,,6,格尔木,,盐湖水,,0.084,数据汇编2001,有色金属水环境_1413.html,84,
有色金属水环境腐蚀数据,4#高纯LC4,,6,青岛,全浸区,海水（黄海）,,0.019,数据汇编2001,有色金属水环境_1414.html,19,
有色金属水环境腐蚀数据,4#高纯LC4,,6,青岛,潮差区,海水（黄海）,,0.0042,数据汇编2001,有色金属水环境_1415.html,4.2,
有色金属水环境腐蚀数据,4#高纯LC4,,6,青岛,飞溅区,海水（黄海）,,0.0022,数据汇编2001,有色金属水环境_1416.html,2.2,
有色金属水环境腐蚀数据,4#高纯LC4,,6,厦门,全浸区,海水（东海）,,0.014,数据汇编2001,有色金属水环境_1417.html,14,
有色金属水环境腐蚀数据,4#高纯LC4,,6,厦门,潮差区,海水（东海）,,0.0028,数据汇编2001,有色金属水环境_1418.html,2.8,
有色金属水环境腐蚀数据,4#高纯LC4,,6,厦门,飞溅区,海水（东海）,,0.0027,数据汇编2001,有色金属水环境_1419.html,2.7,
有色金属水环境腐蚀数据,B30(R）,,12,舟山,潮差区,海水（东海）,,0.0034,八五数据,有色金属水环境_142.html,3.4,
有色金属水环境腐蚀数据,4#高纯LC4,,6,舟山,全浸区,海水（东海）,,0.03,数据汇编2001,有色金属水环境_1420.html,30,
有色金属水环境腐蚀数据,4#高纯LC4,,6,舟山,潮差区,海水（东海）,,0.0079,数据汇编2001,有色金属水环境_1421.html,7.9,
有色金属水环境腐蚀数据,4#高纯LC4,,6,舟山,飞溅区,海水（东海）,,0.003,数据汇编2001,有色金属水环境_1422.html,3,
有色金属水环境腐蚀数据,T2,,6,格尔木,,盐湖水,,0.0069,数据汇编2001,有色金属水环境_1428.html,6.9,
有色金属水环境腐蚀数据,耐蚀铜合金,,6,格尔木,,盐湖水,,0.0084,数据汇编2001,有色金属水环境_1429.html,8.4,
有色金属水环境腐蚀数据,B30(R）,,24,舟山,全浸区,海水（东海）,,0.0055,八五数据,有色金属水环境_143.html,5.5,
有色金属水环境腐蚀数据,B30(R）,,24,舟山,潮差区,海水（东海）,,0.0023,八五数据,有色金属水环境_144.html,2.3,
有色金属水环境腐蚀数据,B30(R）,,48,舟山,全浸区,海水（东海）,,0.0038,八五数据,有色金属水环境_145.html,3.8,
有色金属水环境腐蚀数据,B30(R）,,48,舟山,潮差区,海水（东海）,,0.0015,八五数据,有色金属水环境_146.html,1.5,
有色金属水环境腐蚀数据,B30(S),,12,青岛,全浸区,海水（黄海）,,0.0065,八五数据,有色金属水环境_147.html,6.5,
有色金属水环境腐蚀数据,B30(S),,12,青岛,潮差区,海水（黄海）,,0.0038,八五数据,有色金属水环境_148.html,3.8,
有色金属水环境腐蚀数据,B30(S),,12,厦门,全浸区,海水（东海）,,0.0063,八五数据,有色金属水环境_149.html,6.3,
有色金属水环境腐蚀数据,B30(S),,12,榆林,全浸区,海水（南海）,,0.0074,八五数据,有色金属水环境_150.html,7.4,
有色金属水环境腐蚀数据,B30(S),,12,舟山,全浸区,海水（东海）,,0.0021,八五数据,有色金属水环境_151.html,2.1,
有色金属水环境腐蚀数据,B30(S),,24,青岛,全浸区,海水（黄海）,,0.0039,八五数据,有色金属水环境_152.html,3.9,
有色金属水环境腐蚀数据,B30(S),,24,青岛,潮差区,海水（黄海）,,0.0041,八五数据,有色金属水环境_153.html,4.1,
有色金属水环境腐蚀数据,2A12(LY12),,12,郑州,全浸区,淡水（黄河水）,,0.0062,2011数据,有色金属水环境_1533.html,6.2,
有色金属水环境腐蚀数据,7A04(LC4),,12,郑州,全浸区,淡水（黄河水）,,0.0039,2011数据,有色金属水环境_1534.html,3.9,
有色金属水环境腐蚀数据,B30(S),,24,厦门,全浸区,海水（东海）,,0.0064,八五数据,有色金属水环境_154.html,6.4,
有色金属水环境腐蚀数据,T2,,12,郑州,全浸区,淡水（黄河水）,,0.003,2011数据,有色金属水环境_1540.html,3,
有色金属水环境腐蚀数据,B10,,12,郑州,全浸区,淡水（黄河水）,,0.0015,2011数据,有色金属水环境_1541.html,1.5,
有色金属水环境腐蚀数据,QBe2,,12,郑州,全浸区,淡水（黄河水）,,0.0011,2011数据,有色金属水环境_1544.html,1.1,
有色金属水环境腐蚀数据,B30(S),,24,榆林,全浸区,海水（南海）,,0.0056,八五数据,有色金属水环境_155.html,5.6,
有色金属水环境腐蚀数据,B30(S),,24,舟山,全浸区,海水（东海）,,0.0013,八五数据,有色金属水环境_156.html,1.3,
有色金属水环境腐蚀数据,B30(S),,48,榆林,全浸区,海水（南海）,,0.0042,八五数据,有色金属水环境_157.html,4.2,
有色金属水环境腐蚀数据,B30(S),,48,舟山,全浸区,海水（东海）,,0.001,八五数据,有色金属水环境_158.html,1,
有色金属水环境腐蚀数据,B30(意）,,12,青岛,全浸区,海水（黄海）,,0.0045,八五数据,有色金属水环境_159.html,4.5,
有色金属水环境腐蚀数据,B30(意）,,12,青岛,潮差区,海水（黄海）,,0.0025,八五数据,有色金属水环境_160.html,2.5,
有色金属水环境腐蚀数据,2A12(LY12),,12,武汉,全浸区,淡水（长江水）,,0.0052,2011数据,有色金属水环境_1609.html,5.2,
有色金属水环境腐蚀数据,B30(意）,,12,青岛,飞溅区,海水（黄海）,,0.0038,八五数据,有色金属水环境_161.html,3.8,
有色金属水环境腐蚀数据,7A04(LC4),,12,武汉,全浸区,淡水（长江水）,,0.0043,2011数据,有色金属水环境_1610.html,4.3,
有色金属水环境腐蚀数据,T2,,12,武汉,全浸区,淡水（长江水）,,0.0101,2011数据,有色金属水环境_1616.html,10.1,
有色金属水环境腐蚀数据,B10,,12,武汉,全浸区,淡水（长江水）,,0.0096,2011数据,有色金属水环境_1617.html,9.6,
有色金属水环境腐蚀数据,B30(意）,,24,青岛,全浸区,海水（黄海）,,0.0049,八五数据,有色金属水环境_162.html,4.9,
有色金属水环境腐蚀数据,QBe2,,12,武汉,全浸区,淡水（长江水）,,0.0066,2011数据,有色金属水环境_1620.html,6.6,
有色金属水环境腐蚀数据,2A12(LY12),,12,格尔木,全浸区,盐湖水,,0.0166,2011数据,有色金属水环境_1625.html,16.6,
有色金属水环境腐蚀数据,7A04(LC4),,12,格尔木,全浸区,盐湖水,,0.0185,2011数据,有色金属水环境_1626.html,18.5,
有色金属水环境腐蚀数据,B30(意）,,24,青岛,潮差区,海水（黄海）,,0.0016,八五数据,有色金属水环境_163.html,1.6,
有色金属水环境腐蚀数据,T2,,12,格尔木,全浸区,盐湖水,,0.0065,2011数据,有色金属水环境_1632.html,6.5,
有色金属水环境腐蚀数据,B10,,12,格尔木,全浸区,盐湖水,,0.0087,2011数据,有色金属水环境_1633.html,8.7,
有色金属水环境腐蚀数据,QBe2,,12,格尔木,全浸区,盐湖水,,0.0054,2011数据,有色金属水环境_1636.html,5.4,
有色金属水环境腐蚀数据,B30(意）,,24,青岛,飞溅区,海水（黄海）,,0.0031,八五数据,有色金属水环境_164.html,3.1,
有色金属水环境腐蚀数据,2A12(LY12),,24,郑州,全浸区,淡水（黄河水）,,0.0051,2011数据,有色金属水环境_1641.html,5.1,
有色金属水环境腐蚀数据,7A04(LC4),,24,郑州,全浸区,淡水（黄河水）,,0.0046,2011数据,有色金属水环境_1642.html,4.6,
有色金属水环境腐蚀数据,T2,,24,郑州,全浸区,淡水（黄河水）,,0.0019,2011数据,有色金属水环境_1648.html,1.9,
有色金属水环境腐蚀数据,B10,,24,郑州,全浸区,淡水（黄河水）,,0.0008,2011数据,有色金属水环境_1649.html,0.8,
有色金属水环境腐蚀数据,B30(意）,,48,青岛,全浸区,海水（黄海）,,0.0061,八五数据,有色金属水环境_165.html,6.1,
有色金属水环境腐蚀数据,QBe2,,24,郑州,全浸区,淡水（黄河水）,,0.002,2011数据,有色金属水环境_1652.html,2,
有色金属水环境腐蚀数据,2A12(LY12),,24,武汉,全浸区,淡水（长江水）,,0.0031,2011数据,有色金属水环境_1659.html,3.1,
有色金属水环境腐蚀数据,B30(意）,,48,青岛,潮差区,海水（黄海）,,0.0016,八五数据,有色金属水环境_166.html,1.6,
有色金属水环境腐蚀数据,7A04(LC4),,24,武汉,全浸区,淡水（长江水）,,0.0032,2011数据,有色金属水环境_1660.html,3.2,
有色金属水环境腐蚀数据,T2,,24,武汉,全浸区,淡水（长江水）,,0.0074,2011数据,有色金属水环境_1666.html,7.4,
有色金属水环境腐蚀数据,B10,,24,武汉,全浸区,淡水（长江水）,,0.0066,2011数据,有色金属水环境_1667.html,6.6,
有色金属水环境腐蚀数据,B30(意）,,48,青岛,飞溅区,海水（黄海）,,0.0023,八五数据,有色金属水环境_167.html,2.3,
有色金属水环境腐蚀数据,QBe2,,24,武汉,全浸区,淡水（长江水）,,0.006,2011数据,有色金属水环境_1670.html,6,
有色金属水环境腐蚀数据,2A12(LY12),,24,格尔木,全浸区,盐湖水,,0.0062,2011数据,有色金属水环境_1677.html,6.2,
有色金属水环境腐蚀数据,7A04(LC4),,24,格尔木,全浸区,盐湖水,,0.0049,2011数据,有色金属水环境_1678.html,4.9,
有色金属水环境腐蚀数据,T2,,24,格尔木,全浸区,盐湖水,,0.005,2011数据,有色金属水环境_1684.html,5,
有色金属水环境腐蚀数据,B10,,24,格尔木,全浸区,盐湖水,,0.005,2011数据,有色金属水环境_1685.html,5,
有色金属水环境腐蚀数据,QBe2,,24,格尔木,全浸区,盐湖水,,0.0027,2011数据,有色金属水环境_1688.html,2.7,
有色金属水环境腐蚀数据,2A12(LY12)带包铝,,96,郑州,全浸,淡水（黄河水）,均匀腐蚀，缝隙腐蚀，明显点蚀,0.0026,十三五数据,有色金属水环境_1768.html,2.6,3.12
有色金属水环境腐蚀数据,2A12(LY12)带包铝,,96,郑州,全浸,淡水（黄河水）,均匀腐蚀，缝隙腐蚀，明显点蚀,0.0031,十三五数据,有色金属水环境_1769.html,3.1,3.62
有色金属水环境腐蚀数据,7A04(LC4),,96,郑州,全浸,淡水（黄河水）,均匀腐蚀，缝隙腐蚀，轻微点蚀,0.0024,十三五数据,有色金属水环境_1770.html,2.4,2.83
有色金属水环境腐蚀数据,7A04(LC4),,96,郑州,全浸,淡水（黄河水）,均匀腐蚀，缝隙腐蚀，轻微点蚀,0.0027,十三五数据,有色金属水环境_1771.html,2.7,3.2
有色金属水环境腐蚀数据,2A12(LY12)带包铝,,96,武汉,全浸,淡水（长江水）,均匀腐蚀，缝隙腐蚀，轻微点蚀,0.002,十三五数据,有色金属水环境_1778.html,2,2.37
有色金属水环境腐蚀数据,2A12(LY12)带包铝,,96,武汉,全浸,淡水（长江水）,均匀腐蚀，缝隙腐蚀，轻微点蚀,0.0018,十三五数据,有色金属水环境_1779.html,1.8,2.09
有色金属水环境腐蚀数据,7A04(LC4),,96,武汉,全浸,淡水（长江水）,均匀腐蚀，无缝隙腐蚀，无点蚀,0.0012,十三五数据,有色金属水环境_1780.html,1.2,1.47
有色金属水环境腐蚀数据,7A04(LC4),,96,武汉,全浸,淡水（长江水）,均匀腐蚀，无缝隙腐蚀，无点蚀,0.0009,十三五数据,有色金属水环境_1781.html,0.9,1.12
有色金属水环境腐蚀数据,2A12(LY12)带包铝,,96,格尔木,全浸,盐湖水,全面腐蚀，无溃疡腐蚀，无点蚀，无缝隙腐蚀,0.0099,十三五数据,有色金属水环境_1788.html,9.9,11.58
有色金属水环境腐蚀数据,2A12(LY12)带包铝,,96,格尔木,全浸,盐湖水,全面腐蚀，无溃疡腐蚀，无点蚀，无缝隙腐蚀,0.0096,十三五数据,有色金属水环境_1789.html,9.6,11.2
有色金属水环境腐蚀数据,7A04(LC4),,96,格尔木,全浸,盐湖水,全面腐蚀，溃疡腐蚀，点蚀，缝隙腐蚀,0.0099,十三五数据,有色金属水环境_1790.html,9.9,11.73
有色金属水环境腐蚀数据,7A04(LC4),,96,格尔木,全浸,盐湖水,全面腐蚀，溃疡腐蚀，点蚀，缝隙腐蚀,0.0095,十三五数据,有色金属水环境_1791.html,9.5,11.34
有色金属水环境腐蚀数据,T2,,96,郑州,全浸,淡水（黄河水）,全面腐蚀，均匀腐蚀，浅红色,0.0068,十三五数据,有色金属水环境_1892.html,6.8,25.07
有色金属水环境腐蚀数据,T2,,96,郑州,全浸,淡水（黄河水）,全面腐蚀，均匀腐蚀，浅红色,0.0057,十三五数据,有色金属水环境_1893.html,5.7,21.13
有色金属水环境腐蚀数据,T2,,96,武汉,全浸,淡水（长江水）,全面腐蚀，均匀腐蚀，浅红色,0.0069,十三五数据,有色金属水环境_1894.html,6.9,25.6
有色金属水环境腐蚀数据,T2,,96,武汉,全浸,淡水（长江水）,全面腐蚀，均匀腐蚀，浅红色,0.0086,十三五数据,有色金属水环境_1895.html,8.6,32.04
有色金属水环境腐蚀数据,T2,,96,格尔木,全浸,盐湖水,全面腐蚀，均匀腐蚀，深红色,0.0052,十三五数据,有色金属水环境_1896.html,5.2,19.25
有色金属水环境腐蚀数据,T2,,96,格尔木,全浸,盐湖水,全面腐蚀，均匀腐蚀，深红色,0.0031,十三五数据,有色金属水环境_1897.html,3.1,11.7
有色金属水环境腐蚀数据,B10,,96,郑州,全浸,淡水（黄河水）,全面腐蚀，均匀腐蚀，深红色,0.0023,十三五数据,有色金属水环境_1898.html,2.3,8.47
有色金属水环境腐蚀数据,B10,,96,郑州,全浸,淡水（黄河水）,全面腐蚀，均匀腐蚀，深红色,0.0029,十三五数据,有色金属水环境_1899.html,2.9,10.86
有色金属水环境腐蚀数据,B10,,96,武汉,全浸,淡水（长江水）,全面腐蚀，均匀腐蚀，浅红色,0.005,十三五数据,有色金属水环境_1900.html,5,18.39
有色金属水环境腐蚀数据,B10,,96,武汉,全浸,淡水（长江水）,全面腐蚀，均匀腐蚀，浅红色,0.0036,十三五数据,有色金属水环境_1901.html,3.6,13.11
有色金属水环境腐蚀数据,B10,,96,格尔木,全浸,盐湖水,全面腐蚀，均匀腐蚀，深红色,0.0053,十三五数据,有色金属水环境_1902.html,5.3,19.54
有色金属水环境腐蚀数据,B10,,96,格尔木,全浸,盐湖水,全面腐蚀，均匀腐蚀，深红色,0.0037,十三五数据,有色金属水环境_1903.html,3.7,13.62
有色金属水环境腐蚀数据,QBe2,,96,郑州,全浸,淡水（黄河水）,全面腐蚀，均匀腐蚀，红色,0.0032,十三五数据,有色金属水环境_1916.html,3.2,10.91
有色金属水环境腐蚀数据,QBe2,,96,郑州,全浸,淡水（黄河水）,全面腐蚀，均匀腐蚀，红色,0.0033,十三五数据,有色金属水环境_1917.html,3.3,11.29
有色金属水环境腐蚀数据,QBe2,,96,武汉,全浸,淡水（长江水）,全面腐蚀，均匀腐蚀，红色,0.0041,十三五数据,有色金属水环境_1918.html,4.1,14.14
有色金属水环境腐蚀数据,QBe2,,96,武汉,全浸,淡水（长江水）,全面腐蚀，均匀腐蚀，红色,0.0071,十三五数据,有色金属水环境_1919.html,7.1,24.64
有色金属水环境腐蚀数据,QBe2,,96,格尔木,全浸,盐湖水,全面腐蚀，均匀腐蚀，红色,0.0039,十三五数据,有色金属水环境_1920.html,3.9,13.64
有色金属水环境腐蚀数据,QBe2,,96,格尔木,全浸,盐湖水,全面腐蚀，均匀腐蚀，红色,0.0035,十三五数据,有色金属水环境_1921.html,3.5,12.15
有色金属水环境腐蚀数据,B10,,12,青岛,全浸区,海水（黄海）,,0.018,八五数据,有色金属水环境_42.html,18,
有色金属水环境腐蚀数据,B10,,12,青岛,潮差区,海水（黄海）,,0.0068,八五数据,有色金属水环境_43.html,6.8,
有色金属水环境腐蚀数据,B10,,12,青岛,飞溅区,海水（黄海）,,0.0035,八五数据,有色金属水环境_44.html,3.5,
有色金属水环境腐蚀数据,B10,,12,厦门,全浸区,海水（东海）,,0.0092,八五数据,有色金属水环境_45.html,9.2,
有色金属水环境腐蚀数据,B10,,12,厦门,潮差区,海水（东海）,,0.0052,八五数据,有色金属水环境_46.html,5.2,
有色金属水环境腐蚀数据,B10,,12,厦门,飞溅区,海水（东海）,,0.004,八五数据,有色金属水环境_47.html,4,
有色金属水环境腐蚀数据,B10,,12,榆林,全浸区,海水（南海）,,0.044,八五数据,有色金属水环境_48.html,44,
有色金属水环境腐蚀数据,B10,,12,榆林,潮差区,海水（南海）,,0.0045,八五数据,有色金属水环境_49.html,4.5,
有色金属水环境腐蚀数据,B10,,12,榆林,飞溅区,海水（南海）,,0.0023,八五数据,有色金属水环境_50.html,2.3,
有色金属水环境腐蚀数据,B10,,24,青岛,全浸区,海水（黄海）,,0.011,八五数据,有色金属水环境_51.html,11,
有色金属水环境腐蚀数据,B10,,24,青岛,潮差区,海水（黄海）,,0.0052,八五数据,有色金属水环境_52.html,5.2,
有色金属水环境腐蚀数据,B10,,24,青岛,飞溅区,海水（黄海）,,0.0035,八五数据,有色金属水环境_53.html,3.5,
有色金属水环境腐蚀数据,B10,,24,厦门,全浸区,海水（东海）,,0.0055,八五数据,有色金属水环境_54.html,5.5,
有色金属水环境腐蚀数据,B10,,24,厦门,潮差区,海水（东海）,,0.0035,八五数据,有色金属水环境_55.html,3.5,
有色金属水环境腐蚀数据,B10,,24,厦门,飞溅区,海水（东海）,,0.0031,八五数据,有色金属水环境_56.html,3.1,
有色金属水环境腐蚀数据,B10,,24,榆林,全浸区,海水（南海）,,0.022,八五数据,有色金属水环境_57.html,22,
有色金属水环境腐蚀数据,B10,,24,榆林,潮差区,海水（南海）,,0.0031,八五数据,有色金属水环境_58.html,3.1,
有色金属水环境腐蚀数据,B10,,24,榆林,飞溅区,海水（南海）,,0.001,八五数据,有色金属水环境_59.html,1,
有色金属水环境腐蚀数据,B10,,24,舟山,全浸区,海水（东海）,,0.015,八五数据,有色金属水环境_60.html,15,
有色金属水环境腐蚀数据,B10,,24,舟山,潮差区,海水（东海）,,0.0026,八五数据,有色金属水环境_61.html,2.6,
有色金属水环境腐蚀数据,B10,,24,舟山,飞溅区,海水（东海）,,0.0009,八五数据,有色金属水环境_62.html,0.9,
有色金属水环境腐蚀数据,LC4CS,,12,青岛,全浸区,海水（黄海）,,0.019,八五数据,有色金属水环境_627.html,19,
有色金属水环境腐蚀数据,LC4CS,,12,青岛,潮差区,海水（黄海）,,0.0059,八五数据,有色金属水环境_628.html,5.9,
有色金属水环境腐蚀数据,LC4CS,,12,青岛,飞溅区,海水（黄海）,,0.0069,八五数据,有色金属水环境_629.html,6.9,
有色金属水环境腐蚀数据,B10,,48,青岛,全浸区,海水（黄海）,,0.0069,八五数据,有色金属水环境_63.html,6.9,
有色金属水环境腐蚀数据,LC4CS,,12,厦门,全浸区,海水（东海）,,0.014,八五数据,有色金属水环境_630.html,14,
有色金属水环境腐蚀数据,LC4CS,,12,厦门,潮差区,海水（东海）,,0.0083,八五数据,有色金属水环境_631.html,8.3,
有色金属水环境腐蚀数据,LC4CS,,12,厦门,飞溅区,海水（东海）,,0.0015,八五数据,有色金属水环境_632.html,1.5,
有色金属水环境腐蚀数据,LC4CS,,12,榆林,全浸区,海水（南海）,,0.008,八五数据,有色金属水环境_633.html,8,
有色金属水环境腐蚀数据,LC4CS,,12,榆林,潮差区,海水（南海）,,0.002,八五数据,有色金属水环境_634.html,2,
有色金属水环境腐蚀数据,LC4CS,,12,榆林,飞溅区,海水（南海）,,0.0005,八五数据,有色金属水环境_635.html,0.5,
有色金属水环境腐蚀数据,LC4CS,,24,青岛,全浸区,海水（黄海）,,0.01,八五数据,有色金属水环境_636.html,10,
有色金属水环境腐蚀数据,LC4CS,,24,青岛,潮差区,海水（黄海）,,0.0038,八五数据,有色金属水环境_637.html,3.8,
有色金属水环境腐蚀数据,LC4CS,,24,青岛,飞溅区,海水（黄海）,,0.0033,八五数据,有色金属水环境_638.html,3.3,
有色金属水环境腐蚀数据,LC4CS,,24,厦门,全浸区,海水（东海）,,0.01,八五数据,有色金属水环境_639.html,10,
有色金属水环境腐蚀数据,B10,,48,青岛,潮差区,海水（黄海）,,0.0046,八五数据,有色金属水环境_64.html,4.6,
有色金属水环境腐蚀数据,LC4CS,,24,厦门,潮差区,海水（东海）,,0.006,八五数据,有色金属水环境_640.html,6,
有色金属水环境腐蚀数据,LC4CS,,24,厦门,飞溅区,海水（东海）,,0.0013,八五数据,有色金属水环境_641.html,1.3,
有色金属水环境腐蚀数据,LC4CS,,24,榆林,全浸区,海水（南海）,,0.0041,八五数据,有色金属水环境_642.html,4.1,
有色金属水环境腐蚀数据,LC4CS,,24,榆林,潮差区,海水（南海）,,0.0013,八五数据,有色金属水环境_643.html,1.3,
有色金属水环境腐蚀数据,LC4CS,,24,榆林,飞溅区,海水（南海）,,0.0004,八五数据,有色金属水环境_644.html,0.4,
有色金属水环境腐蚀数据,LC4CS,,24,舟山,全浸区,海水（东海）,,0.01,八五数据,有色金属水环境_645.html,10,
有色金属水环境腐蚀数据,LC4CS,,24,舟山,潮差区,海水（东海）,,0.002,八五数据,有色金属水环境_646.html,2,
有色金属水环境腐蚀数据,LC4CS,,24,舟山,飞溅区,海水（东海）,,0.0004,八五数据,有色金属水环境_647.html,0.4,
有色金属水环境腐蚀数据,LC4CS,,48,青岛,全浸区,海水（黄海）,,0.0059,八五数据,有色金属水环境_648.html,5.9,
有色金属水环境腐蚀数据,LC4CS,,48,青岛,潮差区,海水（黄海）,,0.0026,八五数据,有色金属水环境_649.html,2.6,
有色金属水环境腐蚀数据,B10,,48,青岛,飞溅区,海水（黄海）,,0.0032,八五数据,有色金属水环境_65.html,3.2,
有色金属水环境腐蚀数据,LC4CS,,48,青岛,飞溅区,海水（黄海）,,0.0053,八五数据,有色金属水环境_650.html,5.3,
有色金属水环境腐蚀数据,LC4CS,,48,厦门,全浸区,海水（东海）,,0.0059,八五数据,有色金属水环境_651.html,5.9,
有色金属水环境腐蚀数据,LC4CS,,48,厦门,潮差区,海水（东海）,,0.0041,八五数据,有色金属水环境_652.html,4.1,
有色金属水环境腐蚀数据,LC4CS,,48,厦门,飞溅区,海水（东海）,,0.0013,八五数据,有色金属水环境_653.html,1.3,
有色金属水环境腐蚀数据,LC4CS,,48,榆林,全浸区,海水（南海）,,0.0037,八五数据,有色金属水环境_654.html,3.7,
有色金属水环境腐蚀数据,LC4CS,,48,榆林,潮差区,海水（南海）,,0.0009,八五数据,有色金属水环境_655.html,0.9,
有色金属水环境腐蚀数据,LC4CS,,48,榆林,飞溅区,海水（南海）,,0.0002,八五数据,有色金属水环境_656.html,0.2,
有色金属水环境腐蚀数据,LC4CS,,48,舟山,全浸区,海水（东海）,,0.0073,八五数据,有色金属水环境_657.html,7.3,
有色金属水环境腐蚀数据,LC4CS,,48,舟山,潮差区,海水（东海）,,0.0016,八五数据,有色金属水环境_658.html,1.6,
有色金属水环境腐蚀数据,LC4CS,,48,舟山,飞溅区,海水（东海）,,0.001,八五数据,有色金属水环境_659.html,1,
有色金属水环境腐蚀数据,B10,,48,厦门,全浸区,海水（东海）,,0.005,八五数据,有色金属水环境_66.html,5,
有色金属水环境腐蚀数据,LC4CS,,96,青岛,全浸区,海水（黄海）,,0.0036,八五数据,有色金属水环境_660.html,3.6,
有色金属水环境腐蚀数据,LC4CS,,96,青岛,潮差区,海水（黄海）,,0.0019,八五数据,有色金属水环境_661.html,1.9,
有色金属水环境腐蚀数据,LC4CS,,96,青岛,飞溅区,海水（黄海）,,0.0024,八五数据,有色金属水环境_662.html,2.4,
有色金属水环境腐蚀数据,LC4CS,,96,厦门,全浸区,海水（东海）,,0.0033,八五数据,有色金属水环境_663.html,3.3,
有色金属水环境腐蚀数据,LC4CS,,96,厦门,潮差区,海水（东海）,,0.0026,八五数据,有色金属水环境_664.html,2.6,
有色金属水环境腐蚀数据,LC4CS,,96,厦门,飞溅区,海水（东海）,,0.0009,八五数据,有色金属水环境_665.html,0.9,
有色金属水环境腐蚀数据,LC4CS,,96,榆林,全浸区,海水（南海）,,0.0057,八五数据,有色金属水环境_666.html,5.7,
有色金属水环境腐蚀数据,LC4CS,,96,榆林,潮差区,海水（南海）,,0.0006,八五数据,有色金属水环境_667.html,0.6,
有色金属水环境腐蚀数据,LC4CS,,96,榆林,飞溅区,海水（南海）,,0.0002,八五数据,有色金属水环境_668.html,0.2,
有色金属水环境腐蚀数据,LC4CS(去),,12,青岛,全浸区,海水（黄海）,,0.17,八五数据,有色金属水环境_669.html,170,
有色金属水环境腐蚀数据,B10,,48,厦门,潮差区,海水（东海）,,0.0025,八五数据,有色金属水环境_67.html,2.5,
有色金属水环境腐蚀数据,LC4CS(去),,24,青岛,全浸区,海水（黄海）,,0.099,八五数据,有色金属水环境_670.html,99,
有色金属水环境腐蚀数据,LC4CS(去),,48,青岛,全浸区,海水（黄海）,,0.04,八五数据,有色金属水环境_671.html,40,
有色金属水环境腐蚀数据,LC4CS(去),,12,厦门,全浸区,海水（东海）,,0.11,八五数据,有色金属水环境_672.html,110,
有色金属水环境腐蚀数据,LC4CS(去),,24,厦门,全浸区,海水（东海）,,0.036,八五数据,有色金属水环境_673.html,36,
有色金属水环境腐蚀数据,LC4CS(去),,48,厦门,全浸区,海水（东海）,,0.037,八五数据,有色金属水环境_674.html,37,
有色金属水环境腐蚀数据,LC4CS(去),,96,厦门,全浸区,海水（东海）,,0.029,八五数据,有色金属水环境_675.html,29,
有色金属水环境腐蚀数据,LC4CS(去),,12,厦门,全浸区,海水（南海）,,0.024,八五数据,有色金属水环境_676.html,24,
有色金属水环境腐蚀数据,LC4CS(去),,24,厦门,全浸区,海水（南海）,,0.023,八五数据,有色金属水环境_677.html,23,
有色金属水环境腐蚀数据,LC4CS(去),,48,厦门,全浸区,海水（南海）,,0.02,八五数据,有色金属水环境_678.html,20,
有色金属水环境腐蚀数据,LC4CS(去),,96,厦门,全浸区,海水（南海）,,0.014,八五数据,有色金属水环境_679.html,14,
有色金属水环境腐蚀数据,B10,,48,厦门,飞溅区,海水（东海）,,0.0031,八五数据,有色金属水环境_68.html,3.1,
有色金属水环境腐蚀数据,B10,,48,榆林,全浸区,海水（南海）,,0.016,八五数据,有色金属水环境_69.html,16,
有色金属水环境腐蚀数据,B10,,48,榆林,潮差区,海水（南海）,,0.0019,八五数据,有色金属水环境_70.html,1.9,
有色金属水环境腐蚀数据,B10,,48,榆林,飞溅区,海水（南海）,,0.001,八五数据,有色金属水环境_71.html,1,
有色金属水环境腐蚀数据,B10,,48,舟山,全浸区,海水（东海）,,0.0075,八五数据,有色金属水环境_72.html,7.5,
有色金属水环境腐蚀数据,B10,,48,舟山,潮差区,海水（东海）,,0.0024,八五数据,有色金属水环境_73.html,2.4,
有色金属水环境腐蚀数据,B10,,48,舟山,飞溅区,海水（东海）,,0.0015,八五数据,有色金属水环境_74.html,1.5,
有色金属水环境腐蚀数据,B10,,96,青岛,全浸区,海水（黄海）,,0.0035,八五数据,有色金属水环境_75.html,3.5,
有色金属水环境腐蚀数据,B10,,96,青岛,潮差区,海水（黄海）,,,八五数据,有色金属水环境_76.html,,
有色金属水环境腐蚀数据,B10,,96,青岛,飞溅区,海水（黄海）,,0.0025,八五数据,有色金属水环境_77.html,2.5,
有色金属水环境腐蚀数据,B10,,96,厦门,全浸区,海水（东海）,,0.0041,八五数据,有色金属水环境_78.html,4.1,
有色金属水环境腐蚀数据,B10,,96,厦门,潮差区,海水（东海）,,0.0022,八五数据,有色金属水环境_79.html,2.2,
有色金属水环境腐蚀数据,B10,,96,厦门,飞溅区,海水（东海）,,0.0025,八五数据,有色金属水环境_80.html,2.5,
有色金属水环境腐蚀数据,B10,,96,榆林,全浸区,海水（南海）,,0.015,八五数据,有色金属水环境_81.html,15,
有色金属水环境腐蚀数据,B10,,96,榆林,潮差区,海水（南海）,,0.0014,八五数据,有色金属水环境_82.html,1.4,
有色金属水环境腐蚀数据,B10,,96,榆林,飞溅区,海水（南海）,,0.0006,八五数据,有色金属水环境_83.html,0.6,
有色金属水环境腐蚀数据,B10,,12,青岛,全浸区,海水（黄海）,,0.016,八五数据,有色金属水环境_84.html,16,
有色金属水环境腐蚀数据,B10,,12,青岛,潮差区,海水（黄海）,,0.011,八五数据,有色金属水环境_85.html,11,
有色金属水环境腐蚀数据,B10,,12,青岛,飞溅区,海水（黄海）,,0.0051,八五数据,有色金属水环境_86.html,5.1,
有色金属水环境腐蚀数据,B10,,12,厦门,全浸区,海水（东海）,,0.028,八五数据,有色金属水环境_87.html,28,
有色金属水环境腐蚀数据,B10,,12,厦门,潮差区,海水（东海）,,0.0076,八五数据,有色金属水环境_88.html,7.6,
有色金属水环境腐蚀数据,B10,,12,厦门,飞溅区,海水（东海）,,0.0023,八五数据,有色金属水环境_89.html,2.3,
有色金属水环境腐蚀数据,B10,,12,榆林,全浸区,海水（南海）,,0.015,八五数据,有色金属水环境_90.html,15,
有色金属水环境腐蚀数据,B10,,12,榆林,潮差区,海水（南海）,,0.0047,八五数据,有色金属水环境_91.html,4.7,
有色金属水环境腐蚀数据,B10,,12,榆林,飞溅区,海水（南海）,,0.002,八五数据,有色金属水环境_92.html,2,
有色金属水环境腐蚀数据,B10,,12,舟山,全浸区,海水（东海）,,0.021,八五数据,有色金属水环境_93.html,21,
有色金属水环境腐蚀数据,B10,,12,舟山,潮差区,海水（东海）,,0.0096,八五数据,有色金属水环境_94.html,9.6,
有色金属水环境腐蚀数据,B10,,12,舟山,飞溅区,海水（东海）,,0.0027,八五数据,有色金属水环境_95.html,2.7,
有色金属水环境腐蚀数据,B10,,24,青岛,全浸区,海水（黄海）,,0.012,八五数据,有色金属水环境_96.html,12,
有色金属水环境腐蚀数据,LY12CZ,,12,青岛,全浸区,海水（黄海）,,0.018,八五数据,有色金属水环境_962.html,18,
有色金属水环境腐蚀数据,LY12CZ,,12,青岛,潮差区,海水（黄海）,,0.0056,八五数据,有色金属水环境_963.html,5.6,
有色金属水环境腐蚀数据,LY12CZ,,12,青岛,飞溅区,海水（黄海）,,0.005,八五数据,有色金属水环境_964.html,5,
有色金属水环境腐蚀数据,LY12CZ,,12,厦门,全浸区,海水（东海）,,0.014,八五数据,有色金属水环境_965.html,14,
有色金属水环境腐蚀数据,LY12CZ,,12,厦门,潮差区,海水（东海）,,0.0012,八五数据,有色金属水环境_966.html,1.2,
有色金属水环境腐蚀数据,LY12CZ,,12,厦门,飞溅区,海水（东海）,,0.0077,八五数据,有色金属水环境_967.html,7.7,
有色金属水环境腐蚀数据,LY12CZ,,12,榆林,全浸区,海水（南海）,,0.0023,八五数据,有色金属水环境_968.html,2.3,
有色金属水环境腐蚀数据,LY12CZ,,12,榆林,潮差区,海水（南海）,,0.0006,八五数据,有色金属水环境_969.html,0.6,
有色金属水环境腐蚀数据,B10,,24,青岛,潮差区,海水（黄海）,,0.0044,八五数据,有色金属水环境_97.html,4.4,
有色金属水环境腐蚀数据,LY12CZ,,12,榆林,飞溅区,海水（南海）,,,八五数据,有色金属水环境_970.html,,
有色金属水环境腐蚀数据,LY12CZ,,24,青岛,全浸区,海水（黄海）,,0.011,八五数据,有色金属水环境_971.html,11,
有色金属水环境腐蚀数据,LY12CZ,,24,青岛,潮差区,海水（黄海）,,0.0037,八五数据,有色金属水环境_972.html,3.7,
有色金属水环境腐蚀数据,LY12CZ,,24,青岛,飞溅区,海水（黄海）,,0.0029,八五数据,有色金属水环境_973.html,2.9,
有色金属水环境腐蚀数据,LY12CZ,,24,厦门,全浸区,海水（东海）,,0.0084,八五数据,有色金属水环境_974.html,8.4,
有色金属水环境腐蚀数据,LY12CZ,,24,厦门,潮差区,海水（东海）,,0.0046,八五数据,有色金属水环境_975.html,4.6,
有色金属水环境腐蚀数据,LY12CZ,,24,厦门,飞溅区,海水（东海）,,0.0022,八五数据,有色金属水环境_976.html,2.2,
有色金属水环境腐蚀数据,LY12CZ,,24,榆林,全浸区,海水（南海）,,0.0038,八五数据,有色金属水环境_977.html,3.8,
有色金属水环境腐蚀数据,LY12CZ,,24,榆林,潮差区,海水（南海）,,0.0013,八五数据,有色金属水环境_978.html,1.3,
有色金属水环境腐蚀数据,LY12CZ,,24,榆林,飞溅区,海水（南海）,,0.0005,八五数据,有色金属水环境_979.html,0.5,
有色金属水环境腐蚀数据,B10,,24,青岛,飞溅区,海水（黄海）,,0.0046,八五数据,有色金属水环境_98.html,4.6,
有色金属水环境腐蚀数据,LY12CZ,,24,舟山,全浸区,海水（东海）,,0.014,八五数据,有色金属水环境_980.html,14,
有色金属水环境腐蚀数据,LY12CZ,,24,舟山,潮差区,海水（东海）,,0.0014,八五数据,有色金属水环境_981.html,1.4,
有色金属水环境腐蚀数据,LY12CZ,,48,青岛,全浸区,海水（黄海）,,0.0062,八五数据,有色金属水环境_982.html,6.2,
有色金属水环境腐蚀数据,LY12CZ,,48,青岛,潮差区,海水（黄海）,,0.002,八五数据,有色金属水环境_983.html,2,
有色金属水环境腐蚀数据,LY12CZ,,48,青岛,飞溅区,海水（黄海）,,0.0044,八五数据,有色金属水环境_984.html,4.4,
有色金属水环境腐蚀数据,LY12CZ,,48,厦门,全浸区,海水（东海）,,0.0047,八五数据,有色金属水环境_985.html,4.7,
有色金属水环境腐蚀数据,LY12CZ,,48,厦门,潮差区,海水（东海）,,0.0044,八五数据,有色金属水环境_986.html,4.4,
有色金属水环境腐蚀数据,LY12CZ,,48,厦门,飞溅区,海水（东海）,,0.001,八五数据,有色金属水环境_987.html,1,
有色金属水环境腐蚀数据,LY12CZ,,48,榆林,全浸区,海水（南海）,,0.0028,八五数据,有色金属水环境_988.html,2.8,
有色金属水环境腐蚀数据,LY12CZ,,48,榆林,潮差区,海水（南海）,,0.0008,八五数据,有色金属水环境_989.html,0.8,
有色金属水环境腐蚀数据,B10,,24,厦门,全浸区,海水（东海）,,0.016,八五数据,有色金属水环境_99.html,16,
有色金属水环境腐蚀数据,LY12CZ,,48,榆林,飞溅区,海水（南海）,,0.0002,八五数据,有色金属水环境_990.html,0.2,
有色金属水环境腐蚀数据,LY12CZ,,48,舟山,全浸区,海水（东海）,,0.0093,八五数据,有色金属水环境_991.html,9.3,
有色金属水环境腐蚀数据,LY12CZ,,48,舟山,潮差区,海水（东海）,,0.0017,八五数据,有色金属水环境_992.html,1.7,
有色金属水环境腐蚀数据,LY12CZ,,96,青岛,全浸区,海水（黄海）,,0.0044,八五数据,有色金属水环境_993.html,4.4,
有色金属水环境腐蚀数据,LY12CZ,,96,青岛,潮差区,海水（黄海）,,0.0021,八五数据,有色金属水环境_994.html,2.1,
有色金属水环境腐蚀数据,LY12CZ,,96,青岛,飞溅区,海水（黄海）,,0.002,八五数据,有色金属水环境_995.html,2,
有色金属水环境腐蚀数据,LY12CZ,,96,厦门,全浸区,海水（东海）,,0.0041,八五数据,有色金属水环境_996.html,4.1,
有色金属水环境腐蚀数据,LY12CZ,,96,厦门,潮差区,海水（东海）,,0.0037,八五数据,有色金属水环境_997.html,3.7,
有色金属水环境腐蚀数据,LY12CZ,,96,榆林,全浸区,海水（南海）,,0.0046,八五数据,有色金属水环境_998.html,4.6,
有色金属水环境腐蚀数据,LY12CZ,,96,榆林,潮差区,海水（南海）,,0.0005,八五数据,有色金属水环境_999.html,0.5,
黑色金属水环境腐蚀数据,16Mn,,36,格尔木,深海1200m,盐湖水,点蚀、坑蚀,0.029,2006数据,水环境_16Mn_1400.html,29,
黑色金属水环境腐蚀数据,2205,,36,格尔木,深海800m,盐湖水,,0,2006数据,水环境_2205_1410.html,0,
黑色金属水环境腐蚀数据,Q345,,36,格尔木,深海800m,盐湖水,点蚀,0.036,2006数据,水环境_Q345_1402.html,36,
有色金属水环境腐蚀数据,QBe2,,96,格尔木,全浸,盐湖水,全面腐蚀，均匀腐蚀，红色,0.0035,十三五数据,水环境_QBe2_1921.html,3.5,12.15
紫铜在海水中的腐蚀数据,紫铜,T2,,,,见 图,"李文军, 刘大杨, and 魏开金, 铜合金在热带海水中16年的耐蚀性及抗污性. 材料开发与应用, 2002. 4(2): p. 65-69.",,中科院金属研究所,紫铜T2_32.html,,
黑色金属水环境腐蚀数据,Q235,,42,格尔木,,盐湖水,全面不均匀腐蚀 最大点蚀深度<0.03mm,0.048,数据汇编2011,黑色金属水环境_1111.html,48,
黑色金属水环境腐蚀数据,16Mn,,42,格尔木,,盐湖水,全面不均匀腐蚀 最大点蚀深度<0.03mm,0.046,数据汇编2001,黑色金属水环境_1112.html,46,
黑色金属水环境腐蚀数据,Q235B,,24,青岛,全浸区,海水（黄海）,,0.211,2011数据,黑色金属水环境_1126.html,211,
黑色金属水环境腐蚀数据,Q235B,,24,青岛,潮差区,海水（黄海）,,0.238,2011数据,黑色金属水环境_1127.html,238,
黑色金属水环境腐蚀数据,Q235B,,24,青岛,飞溅区,海水（黄海）,,0.291,2011数据,黑色金属水环境_1128.html,291,
黑色金属水环境腐蚀数据,Q235B,,24,三亚,全浸区,海水（南海）,,0.183,2011数据,黑色金属水环境_1129.html,183,
黑色金属水环境腐蚀数据,Q235B,,24,三亚,潮差区,海水（南海）,,0.267,2011数据,黑色金属水环境_1130.html,267,
黑色金属水环境腐蚀数据,Q235B,,24,三亚,飞溅区,海水（南海）,,0.469,2011数据,黑色金属水环境_1131.html,469,
黑色金属水环境腐蚀数据,Q235B,,24,舟山,全浸区,海水（东海）,,0.328,2011数据,黑色金属水环境_1132.html,328,
黑色金属水环境腐蚀数据,Q235B,,24,舟山,潮差区,海水（东海）,,0.265,2011数据,黑色金属水环境_1133.html,265,
黑色金属水环境腐蚀数据,Q235B,,24,舟山,飞溅区,海水（东海）,,0.347,2011数据,黑色金属水环境_1134.html,347,
黑色金属水环境腐蚀数据,Q235B,,24,武汉,全浸区,海水（南海）,,0.06,2011数据,黑色金属水环境_1135.html,60,
黑色金属水环境腐蚀数据,Q235B,,24,郑州,全浸区,淡水（黄河）,,0.046,2011数据,黑色金属水环境_1136.html,46,
黑色金属水环境腐蚀数据,Q235B,,24,格尔木,全浸区,盐湖水,,0.014,2011数据,黑色金属水环境_1137.html,14,
黑色金属水环境腐蚀数据,Q345DZ35,,24,青岛,全浸区,海水（黄海）,,0.184,2011数据,黑色金属水环境_1174.html,184,
黑色金属水环境腐蚀数据,Q345DZ35,,24,青岛,潮差区,海水（黄海）,,0.21,2011数据,黑色金属水环境_1175.html,210,
黑色金属水环境腐蚀数据,Q345DZ35,,24,青岛,飞溅区,海水（黄海）,,0.306,2011数据,黑色金属水环境_1176.html,306,
黑色金属水环境腐蚀数据,Q345DZ35,,24,三亚,全浸区,海水（南海）,,0.174,2011数据,黑色金属水环境_1177.html,174,
黑色金属水环境腐蚀数据,Q345DZ35,,24,三亚,潮差区,海水（南海）,,0.274,2011数据,黑色金属水环境_1178.html,274,
黑色金属水环境腐蚀数据,Q345DZ35,,24,三亚,飞溅区,海水（南海）,,0.466,2011数据,黑色金属水环境_1179.html,466,
黑色金属水环境腐蚀数据,Q345DZ35,,24,舟山,全浸区,海水（东海）,,0.221,2011数据,黑色金属水环境_1180.html,221,
黑色金属水环境腐蚀数据,Q345DZ35,,24,舟山,潮差区,海水（东海）,,0.225,2011数据,黑色金属水环境_1181.html,225,
黑色金属水环境腐蚀数据,Q345DZ35,,24,舟山,飞溅区,海水（东海）,,0.32,2011数据,黑色金属水环境_1182.html,320,
黑色金属水环境腐蚀数据,Q345DZ35,,24,武汉,全浸区,海水（南海）,,0.059,2011数据,黑色金属水环境_1183.html,59,
黑色金属水环境腐蚀数据,Q345DZ35,,24,郑州,全浸区,淡水（黄河）,,0.043,2011数据,黑色金属水环境_1184.html,43,
黑色金属水环境腐蚀数据,Q345DZ35,,24,格尔木,全浸区,盐湖水,,0.014,2011数据,黑色金属水环境_1185.html,14,
黑色金属水环境腐蚀数据,Q235B,,12,青岛,全浸区,北温带季风海洋性气候,斑蚀、坑蚀,0.2325,2011数据,黑色金属水环境_1235.html,232.5,
黑色金属水环境腐蚀数据,Q235B,,12,青岛,潮差区,北温带季风海洋性气候,坑蚀,0.2975,2011数据,黑色金属水环境_1236.html,297.5,
黑色金属水环境腐蚀数据,Q235B,,12,青岛,飞溅区,北温带季风海洋性气候,点蚀、斑蚀,0.3065,2011数据,黑色金属水环境_1237.html,306.5,
黑色金属水环境腐蚀数据,Q235B,,12,厦门,全浸区,温带亚热带气候,坑蚀、溃疡腐蚀,0.421,2011数据,黑色金属水环境_1238.html,421,
黑色金属水环境腐蚀数据,Q235B,,12,厦门,潮差区,温带亚热带气候,坑蚀,0.249,2011数据,黑色金属水环境_1239.html,249,
黑色金属水环境腐蚀数据,Q235B,,12,厦门,飞溅区,温带亚热带气候,溃疡腐蚀、坑蚀,0.3005,2011数据,黑色金属水环境_1240.html,300.5,
黑色金属水环境腐蚀数据,Q235B,,12,三亚,全浸区,热带海洋性季风气候,溃疡腐蚀、坑蚀,0.2015,2011数据,黑色金属水环境_1241.html,201.5,
黑色金属水环境腐蚀数据,Q235B,,12,三亚,潮差区,热带海洋性季风气候,坑蚀,0.3415,2011数据,黑色金属水环境_1242.html,341.5,
黑色金属水环境腐蚀数据,Q235B,,12,三亚,飞溅区,热带海洋性季风气候,坑蚀,0.492,2011数据,黑色金属水环境_1243.html,492,
黑色金属水环境腐蚀数据,Q235B,,12,舟山,全浸区,亚热带季风气候,点蚀、坑蚀,0.236,2011数据,黑色金属水环境_1244.html,236,
黑色金属水环境腐蚀数据,Q235B,,12,舟山,潮差区,亚热带季风气候,坑蚀,0.2385,2011数据,黑色金属水环境_1245.html,238.5,
黑色金属水环境腐蚀数据,Q235B,,12,舟山,飞溅区,亚热带季风气候,点蚀、斑蚀,0.398,2011数据,黑色金属水环境_1246.html,398,
黑色金属水环境腐蚀数据,Q235B,,12,武汉,全浸区,亚热带季风性湿润气候区,坑蚀、斑蚀,0.0925,2011数据,黑色金属水环境_1247.html,92.5,
黑色金属水环境腐蚀数据,Q235B,,12,郑州,全浸区,北温带大陆性季风气候,斑蚀,0.0495,2011数据,黑色金属水环境_1248.html,49.5,
黑色金属水环境腐蚀数据,Q235B,,12,格尔木,全浸区,大陆高原气候,J溃疡腐蚀,0.0115,2011数据,黑色金属水环境_1249.html,11.5,
黑色金属水环境腐蚀数据,Q345DZ35,,12,青岛,全浸区,北温带季风海洋性气候,坑蚀、溃疡腐蚀,0.226,2011数据,黑色金属水环境_1295.html,226,
黑色金属水环境腐蚀数据,Q345DZ35,,12,青岛,潮差区,北温带季风海洋性气候,坑蚀,0.28,2011数据,黑色金属水环境_1296.html,280,
黑色金属水环境腐蚀数据,Q345DZ35,,12,青岛,飞溅区,北温带季风海洋性气候,点蚀、斑蚀、坑蚀,0.288,2011数据,黑色金属水环境_1297.html,288,
黑色金属水环境腐蚀数据,Q345DZ35,,12,厦门,全浸区,温带亚热带气候,坑蚀、点蚀,0.5145,2011数据,黑色金属水环境_1298.html,514.5,
黑色金属水环境腐蚀数据,Q345DZ35,,12,厦门,潮差区,温带亚热带气候,坑蚀,0.25,2011数据,黑色金属水环境_1299.html,250,
黑色金属水环境腐蚀数据,Q345DZ35,,12,厦门,飞溅区,温带亚热带气候,溃疡腐蚀、坑蚀,0.2295,2011数据,黑色金属水环境_1300.html,229.5,
黑色金属水环境腐蚀数据,Q345DZ35,,12,三亚,全浸区,热带海洋性季风气候,溃疡腐蚀、坑蚀,0.2165,2011数据,黑色金属水环境_1301.html,216.5,
黑色金属水环境腐蚀数据,Q345DZ35,,12,三亚,潮差区,热带海洋性季风气候,坑蚀、斑蚀,0.246,2011数据,黑色金属水环境_1302.html,246,
黑色金属水环境腐蚀数据,Q345DZ35,,12,三亚,飞溅区,热带海洋性季风气候,点蚀,0.2145,2011数据,黑色金属水环境_1303.html,214.5,
黑色金属水环境腐蚀数据,Q345DZ35,,12,舟山,全浸区,亚热带季风气候,溃疡腐蚀、坑蚀、点蚀,0.2515,2011数据,黑色金属水环境_1304.html,251.5,
黑色金属水环境腐蚀数据,Q345DZ35,,12,舟山,潮差区,亚热带季风气候,坑蚀,0.3105,2011数据,黑色金属水环境_1305.html,310.5,
黑色金属水环境腐蚀数据,Q345DZ35,,12,舟山,飞溅区,亚热带季风气候,点蚀、斑蚀、坑蚀,0.3,2011数据,黑色金属水环境_1306.html,300,
黑色金属水环境腐蚀数据,Q345DZ35,,12,武汉,全浸区,亚热带季风性湿润气候区,坑蚀、斑蚀,0.0795,2011数据,黑色金属水环境_1307.html,79.5,
黑色金属水环境腐蚀数据,Q345DZ35,,12,郑州,全浸区,北温带大陆性季风气候,斑蚀,0.0475,2011数据,黑色金属水环境_1308.html,47.5,
黑色金属水环境腐蚀数据,Q345DZ35,,12,格尔木,全浸区,大陆高原气候,J溃疡腐蚀,0.0135,2011数据,黑色金属水环境_1309.html,13.5,
黑色金属水环境腐蚀数据,2205,,36,格尔木,深海800米,盐湖水,,0,2006数据,黑色金属水环境_1344.html,0,
黑色金属水环境腐蚀数据,2205,,36,格尔木,深海1200米,盐湖水,,0,2006数据,黑色金属水环境_1345.html,0,
黑色金属水环境腐蚀数据,16Mn,,36,格尔木,深海800m,盐湖水,点蚀、坑蚀,0.04,2006数据,黑色金属水环境_1394.html,40,
黑色金属水环境腐蚀数据,16Mn,,36,格尔木,深海1200m,盐湖水,点蚀,0.034,2006数据,黑色金属水环境_1395.html,34,
黑色金属水环境腐蚀数据,16Mn,,36,格尔木,深海800m,盐湖水,点蚀、坑蚀,0.045,2006数据,黑色金属水环境_1396.html,45,
黑色金属水环境腐蚀数据,16Mn,,36,格尔木,深海800m,盐湖水,点蚀,0.04,2006数据,黑色金属水环境_1397.html,40,
黑色金属水环境腐蚀数据,16Mn,,36,格尔木,深海800m,盐湖水,点蚀、斑蚀,0.037,2006数据,黑色金属水环境_1398.html,37,
黑色金属水环境腐蚀数据,16Mn,,36,格尔木,深海1200m,盐湖水,点蚀,0.04,2006数据,黑色金属水环境_1399.html,40,
黑色金属水环境腐蚀数据,16Mn,,36,格尔木,深海1200m,盐湖水,点蚀、坑蚀,0.029,2006数据,黑色金属水环境_1400.html,29,
黑色金属水环境腐蚀数据,16Mn,,36,格尔木,深海1200m,盐湖水,点蚀,0.032,2006数据,黑色金属水环境_1401.html,32,
黑色金属水环境腐蚀数据,Q345,,36,格尔木,深海800m,盐湖水,点蚀,0.036,2006数据,黑色金属水环境_1402.html,36,
黑色金属水环境腐蚀数据,Q345,,36,格尔木,深海1200m,盐湖水,点蚀、坑蚀,0.03,2006数据,黑色金属水环境_1403.html,30,
黑色金属水环境腐蚀数据,Q345,,36,格尔木,深海800m,盐湖水,点蚀、坑蚀,0.035,2006数据,黑色金属水环境_1404.html,35,
黑色金属水环境腐蚀数据,Q345,,36,格尔木,深海800m,盐湖水,点蚀,0.034,2006数据,黑色金属水环境_1405.html,34,
黑色金属水环境腐蚀数据,Q345,,36,格尔木,深海800m,盐湖水,点蚀,0.038,2006数据,黑色金属水环境_1406.html,38,
黑色金属水环境腐蚀数据,Q345,,36,格尔木,深海1200m,盐湖水,点蚀、坑蚀,0.029,2006数据,黑色金属水环境_1407.html,29,
黑色金属水环境腐蚀数据,Q345,,36,格尔木,深海1200m,盐湖水,点蚀、坑蚀、斑蚀,0.029,2006数据,黑色金属水环境_1408.html,29,
黑色金属水环境腐蚀数据,Q345,,36,格尔木,深海1200m,盐湖水,点蚀、坑蚀,0.03,2006数据,黑色金属水环境_1409.html,30,
黑色金属水环境腐蚀数据,2205,,36,格尔木,深海800m,盐湖水,,0,2006数据,黑色金属水环境_1410.html,0,
黑色金属水环境腐蚀数据,2205,,36,格尔木,深海800m,盐湖水,,0,2006数据,黑色金属水环境_1411.html,0,
黑色金属水环境腐蚀数据,2205,,36,格尔木,深海800m,盐湖水,,0,2006数据,黑色金属水环境_1412.html,0,
黑色金属水环境腐蚀数据,2205,,36,格尔木,深海1200m,盐湖水,,0,2006数据,黑色金属水环境_1413.html,0,
黑色金属水环境腐蚀数据,2205,,36,格尔木,深海1200m,盐湖水,,0,2006数据,黑色金属水环境_1414.html,0,
黑色金属水环境腐蚀数据,2205,,36,格尔木,深海1200m,盐湖水,,0,2006数据,黑色金属水环境_1415.html,0,
黑色金属水环境腐蚀数据,Q235B,,96,青岛海水站,全浸,海水（黄海）,腐蚀穿孔,0.11256,十三五数据,黑色金属水环境_1422.html,112.56,0.088
黑色金属水环境腐蚀数据,Q235B,,96,青岛海水站,潮差,海水（黄海）,腐蚀穿孔,0.14313,十三五数据,黑色金属水环境_1424.html,143.13,0.112
黑色金属水环境腐蚀数据,Q235B,,96,青岛海水站,飞溅,海水（黄海）,腐蚀穿孔,0.21085,十三五数据,黑色金属水环境_1425.html,210.85,0.164
黑色金属水环境腐蚀数据,Q235B,,96,青岛海水站,飞溅,海水（黄海）,腐蚀穿孔,0.20818,十三五数据,黑色金属水环境_1426.html,208.18,0.162
黑色金属水环境腐蚀数据,Q235B,,96,厦门海水站,全浸,海水（东海）,腐蚀穿孔,0.2196,十三五数据,黑色金属水环境_1427.html,219.6,0.171
黑色金属水环境腐蚀数据,Q235B,,96,厦门海水站,全浸,海水（东海）,腐蚀穿孔,0.21669,十三五数据,黑色金属水环境_1428.html,216.69,0.169
黑色金属水环境腐蚀数据,Q235B,,96,厦门海水站,潮差,海水（东海）,腐蚀穿孔,0.09342,十三五数据,黑色金属水环境_1429.html,93.42,0.073
黑色金属水环境腐蚀数据,Q235B,,96,厦门海水站,潮差,海水（东海）,腐蚀穿孔,0.07288,十三五数据,黑色金属水环境_1430.html,72.88,0.057
黑色金属水环境腐蚀数据,Q235B,,96,三亚海水站,潮差,海水（南海）,腐蚀穿孔,0.07721,十三五数据,黑色金属水环境_1431.html,77.21,0.06
黑色金属水环境腐蚀数据,Q235B,,96,舟山海水站,全浸,海水,腐蚀穿孔,0.18129,十三五数据,黑色金属水环境_1432.html,181.29,0.141
黑色金属水环境腐蚀数据,Q235B,,96,舟山海水站,全浸,海水,腐蚀穿孔,0.17902,十三五数据,黑色金属水环境_1433.html,179.02,0.14
黑色金属水环境腐蚀数据,Q235B,,96,舟山海水站,潮差,海水,腐蚀穿孔,0.11708,十三五数据,黑色金属水环境_1434.html,117.08,0.091
黑色金属水环境腐蚀数据,Q235B,,96,舟山海水站,潮差,海水,腐蚀穿孔,0.10591,十三五数据,黑色金属水环境_1435.html,105.91,0.083
黑色金属水环境腐蚀数据,Q235B,,96,武汉淡水站,全浸,淡水（长江）,腐蚀穿孔,0.03739,十三五数据,黑色金属水环境_1436.html,37.39,0.029
黑色金属水环境腐蚀数据,Q235B,,96,武汉淡水站,全浸,淡水（长江）,腐蚀穿孔,0.0371,十三五数据,黑色金属水环境_1437.html,37.1,0.029
黑色金属水环境腐蚀数据,Q235B,,96,郑州淡水站,全浸,淡水（黄河）,斑蚀，点蚀,0.04483,十三五数据,黑色金属水环境_1438.html,44.83,0.035
黑色金属水环境腐蚀数据,Q235B,,96,郑州淡水站,全浸,淡水（黄河）,斑蚀，点蚀,0.038,十三五数据,黑色金属水环境_1439.html,38,0.03
黑色金属水环境腐蚀数据,Q235B,,96,格尔木盐湖水站,全浸,盐湖水,斑蚀，点蚀,0.01129,十三五数据,黑色金属水环境_1440.html,11.29,0.009
黑色金属水环境腐蚀数据,Q235B,,96,格尔木盐湖水站,全浸,盐湖水,斑蚀，点蚀,0.0114,十三五数据,黑色金属水环境_1441.html,11.4,0.009
黑色金属水环境腐蚀数据,Q345DZ35,,96,青岛海水站,全浸,海水（黄海）,腐蚀穿孔,0.10716,十三五数据,黑色金属水环境_1511.html,107.16,0.084
黑色金属水环境腐蚀数据,Q345DZ35,,96,青岛海水站,全浸,海水（黄海）,腐蚀穿孔,0.14787,十三五数据,黑色金属水环境_1512.html,147.87,0.115
黑色金属水环境腐蚀数据,Q345DZ35,,96,青岛海水站,潮差,海水（黄海）,腐蚀穿孔,0.12793,十三五数据,黑色金属水环境_1513.html,127.93,0.1
黑色金属水环境腐蚀数据,Q345DZ35,,96,青岛海水站,潮差,海水（黄海）,腐蚀穿孔,0.14266,十三五数据,黑色金属水环境_1514.html,142.66,0.111
黑色金属水环境腐蚀数据,Q345DZ35,,96,青岛海水站,飞溅,海水（黄海）,腐蚀穿孔,0.20921,十三五数据,黑色金属水环境_1515.html,209.21,0.163
黑色金属水环境腐蚀数据,Q345DZ35,,96,青岛海水站,飞溅,海水（黄海）,腐蚀穿孔,0.23746,十三五数据,黑色金属水环境_1516.html,237.46,0.185
黑色金属水环境腐蚀数据,Q345DZ35,,96,厦门海水站,全浸,海水（东海）,腐蚀穿孔,0.18468,十三五数据,黑色金属水环境_1517.html,184.68,0.144
黑色金属水环境腐蚀数据,Q345DZ35,,96,厦门海水站,全浸,海水（东海）,腐蚀穿孔,0.20604,十三五数据,黑色金属水环境_1518.html,206.04,0.161
黑色金属水环境腐蚀数据,Q345DZ35,,96,厦门海水站,潮差,海水（东海）,腐蚀穿孔,0.08261,十三五数据,黑色金属水环境_1519.html,82.61,0.064
黑色金属水环境腐蚀数据,Q345DZ35,,96,厦门海水站,潮差,海水（东海）,腐蚀穿孔,0.08035,十三五数据,黑色金属水环境_1520.html,80.35,0.063
黑色金属水环境腐蚀数据,Q345DZ35,,96,厦门海水站,飞溅,海水（东海）,腐蚀穿孔,0.13092,十三五数据,黑色金属水环境_1521.html,130.92,0.102
黑色金属水环境腐蚀数据,Q345DZ35,,96,三亚海水站,潮差,海水（南海）,腐蚀穿孔,0.13247,十三五数据,黑色金属水环境_1522.html,132.47,0.103
黑色金属水环境腐蚀数据,Q345DZ35,,96,舟山海水站,全浸,海水,腐蚀穿孔,0.15938,十三五数据,黑色金属水环境_1523.html,159.38,0.124
黑色金属水环境腐蚀数据,Q345DZ35,,96,舟山海水站,全浸,海水,腐蚀穿孔,0.17878,十三五数据,黑色金属水环境_1524.html,178.78,0.139
黑色金属水环境腐蚀数据,Q345DZ35,,96,舟山海水站,潮差,海水,腐蚀穿孔,0.12287,十三五数据,黑色金属水环境_1525.html,122.87,0.096
黑色金属水环境腐蚀数据,Q345DZ35,,96,舟山海水站,潮差,海水,腐蚀穿孔,0.12631,十三五数据,黑色金属水环境_1526.html,126.31,0.099
黑色金属水环境腐蚀数据,Q345DZ35,,96,舟山海水站,飞溅,海水,腐蚀穿孔,0.26894,十三五数据,黑色金属水环境_1527.html,268.94,0.21
黑色金属水环境腐蚀数据,Q345DZ35,,96,武汉淡水站,全浸,淡水（长江）,腐蚀穿孔,0.03427,十三五数据,黑色金属水环境_1528.html,34.27,0.027
黑色金属水环境腐蚀数据,Q345DZ35,,96,武汉淡水站,全浸,淡水（长江）,腐蚀穿孔,0.03997,十三五数据,黑色金属水环境_1529.html,39.97,0.031
黑色金属水环境腐蚀数据,Q345DZ35,,96,郑州淡水站,全浸,淡水（黄河）,斑蚀，点蚀,0.03748,十三五数据,黑色金属水环境_1530.html,37.48,0.029
黑色金属水环境腐蚀数据,Q345DZ35,,96,郑州淡水站,全浸,淡水（黄河）,斑蚀，点蚀,0.0356,十三五数据,黑色金属水环境_1531.html,35.6,0.028
黑色金属水环境腐蚀数据,Q345DZ35,,96,格尔木盐湖水站,全浸,盐湖水,斑蚀，点蚀,0.01401,十三五数据,黑色金属水环境_1532.html,14.01,0.011
黑色金属水环境腐蚀数据,Q345DZ35,,96,格尔木盐湖水站,全浸,盐湖水,斑蚀，点蚀,0.00996,十三五数据,黑色金属水环境_1533.html,9.96,0.008
黑色金属水环境腐蚀数据,16Mn,,12,青岛,全浸区,海水（黄海）,不均匀腐蚀,0.18,八五数据,黑色金属水环境_551.html,180,
黑色金属水环境腐蚀数据,16Mn,,24,青岛,全浸区,海水（黄海）,溃疡腐蚀,0.16,八五数据,黑色金属水环境_552.html,160,
黑色金属水环境腐蚀数据,16Mn,,48,青岛,全浸区,海水（黄海）,溃疡腐蚀,0.14,八五数据,黑色金属水环境_553.html,140,
黑色金属水环境腐蚀数据,16Mn,,96,青岛,全浸区,海水（黄海）,"斑蚀,坑蚀",0.13,八五数据,黑色金属水环境_554.html,130,
黑色金属水环境腐蚀数据,16Mn,,12,青岛,潮差区,海水（黄海）,点蚀,0.24,八五数据,黑色金属水环境_555.html,240,
黑色金属水环境腐蚀数据,16Mn,,24,青岛,潮差区,海水（黄海）,"点蚀,坑蚀",0.19,八五数据,黑色金属水环境_556.html,190,
黑色金属水环境腐蚀数据,16Mn,,48,青岛,潮差区,海水（黄海）,"点蚀,溃疡腐蚀",0.16,八五数据,黑色金属水环境_557.html,160,
黑色金属水环境腐蚀数据,16Mn,,96,青岛,潮差区,海水（黄海）,"斑蚀,溃疡腐蚀",0.11,八五数据,黑色金属水环境_558.html,110,
黑色金属水环境腐蚀数据,16Mn,,12,青岛,飞溅区,海水（黄海）,点蚀,0.34,八五数据,黑色金属水环境_559.html,340,
黑色金属水环境腐蚀数据,16Mn,,24,青岛,飞溅区,海水（黄海）,坑蚀,0.26,八五数据,黑色金属水环境_560.html,260,
黑色金属水环境腐蚀数据,16Mn,,48,青岛,飞溅区,海水（黄海）,"坑蚀,溃疡腐蚀",0.3,八五数据,黑色金属水环境_561.html,300,
黑色金属水环境腐蚀数据,16Mn,,96,青岛,飞溅区,海水（黄海）,"点蚀,溃疡腐蚀，局部腐蚀最大深度：穿孔(8)",0.23,八五数据,黑色金属水环境_562.html,230,
黑色金属水环境腐蚀数据,16Mn,,12,厦门,全浸区,海水（东海）,"斑蚀,溃疡腐蚀",0.17,八五数据,黑色金属水环境_563.html,170,
黑色金属水环境腐蚀数据,16Mn,,24,厦门,全浸区,海水（东海）,"点蚀,溃疡腐蚀",0.14,八五数据,黑色金属水环境_564.html,140,
黑色金属水环境腐蚀数据,16Mn,,48,厦门,全浸区,海水（东海）,溃疡腐蚀,0.1,八五数据,黑色金属水环境_565.html,100,
黑色金属水环境腐蚀数据,16Mn,,96,厦门,全浸区,海水（东海）,溃疡腐蚀,0.09,八五数据,黑色金属水环境_566.html,90,
黑色金属水环境腐蚀数据,16Mn,,12,厦门,潮差区,海水（东海）,斑蚀,0.25,八五数据,黑色金属水环境_567.html,250,
黑色金属水环境腐蚀数据,16Mn,,24,厦门,潮差区,海水（东海）,溃疡腐蚀,0.16,八五数据,黑色金属水环境_568.html,160,
黑色金属水环境腐蚀数据,16Mn,,48,厦门,潮差区,海水（东海）,"斑蚀,坑蚀",0.085,八五数据,黑色金属水环境_569.html,85,
黑色金属水环境腐蚀数据,16Mn,,96,厦门,潮差区,海水（东海）,"斑蚀,坑蚀",0.063,八五数据,黑色金属水环境_570.html,63,
黑色金属水环境腐蚀数据,16Mn,,12,厦门,飞溅区,海水（东海）,斑蚀,0.13,八五数据,黑色金属水环境_571.html,130,
黑色金属水环境腐蚀数据,16Mn,,24,厦门,飞溅区,海水（东海）,斑蚀,0.17,八五数据,黑色金属水环境_572.html,170,
黑色金属水环境腐蚀数据,16Mn,,48,厦门,飞溅区,海水（东海）,缝隙腐蚀,0.31,八五数据,黑色金属水环境_573.html,310,
黑色金属水环境腐蚀数据,16Mn,,96,厦门,飞溅区,海水（东海）,溃疡腐蚀，局部腐蚀最大深度：穿孔(8),0.33,八五数据,黑色金属水环境_574.html,330,
黑色金属水环境腐蚀数据,16Mn,,12,榆林,全浸区,海水（南海）,坑蚀,0.11,八五数据,黑色金属水环境_575.html,110,
黑色金属水环境腐蚀数据,16Mn,,24,榆林,全浸区,海水（南海）,坑蚀,0.09,八五数据,黑色金属水环境_576.html,90,
黑色金属水环境腐蚀数据,16Mn,,48,榆林,全浸区,海水（南海）,"溃疡腐蚀,坑蚀",0.078,八五数据,黑色金属水环境_577.html,78,
黑色金属水环境腐蚀数据,16Mn,,96,榆林,全浸区,海水（南海）,,0.054,八五数据,黑色金属水环境_578.html,54,
黑色金属水环境腐蚀数据,16Mn,,12,榆林,潮差区,海水（南海）,坑蚀,0.18,八五数据,黑色金属水环境_579.html,180,
黑色金属水环境腐蚀数据,16Mn,,24,榆林,潮差区,海水（南海）,坑蚀,0.16,八五数据,黑色金属水环境_580.html,160,
黑色金属水环境腐蚀数据,16Mn,,48,榆林,潮差区,海水（南海）,坑蚀,0.14,八五数据,黑色金属水环境_581.html,140,
黑色金属水环境腐蚀数据,16Mn,,96,榆林,潮差区,海水（南海）,,0.097,八五数据,黑色金属水环境_582.html,97,
黑色金属水环境腐蚀数据,16Mn,,12,榆林,飞溅区,海水（南海）,斑蚀,0.11,八五数据,黑色金属水环境_583.html,110,
黑色金属水环境腐蚀数据,16Mn,,24,榆林,飞溅区,海水（南海）,坑蚀,0.34,八五数据,黑色金属水环境_584.html,340,
黑色金属水环境腐蚀数据,16Mn,,48,榆林,飞溅区,海水（南海）,点蚀,0.42,八五数据,黑色金属水环境_585.html,420,
黑色金属水环境腐蚀数据,16Mn,,96,榆林,飞溅区,海水（南海）,局部腐蚀最大深度：穿孔(7.9),0.49,八五数据,黑色金属水环境_586.html,490,
黑色金属水环境腐蚀数据,16Mn,,12,舟山,全浸区,海水（东海）,"点蚀,溃疡腐蚀",0.14,八五数据,黑色金属水环境_587.html,140,
黑色金属水环境腐蚀数据,16Mn,,24,舟山,全浸区,海水（东海）,"点蚀,溃疡腐蚀",0.16,八五数据,黑色金属水环境_588.html,160,
黑色金属水环境腐蚀数据,16Mn,,48,舟山,全浸区,海水（东海）,"点蚀,溃疡腐蚀",0.16,八五数据,黑色金属水环境_589.html,160,
黑色金属水环境腐蚀数据,16Mn,,192,青岛,全浸区,海水（黄海）,"边缘腐蚀,溃疡腐蚀",0.16,九五数据,黑色金属水环境_590.html,160,
黑色金属水环境腐蚀数据,16Mn,,192,青岛,潮汐区,海水（黄海）,"腐蚀开裂,溃疡腐蚀",0.064,九五数据,黑色金属水环境_591.html,64,
黑色金属水环境腐蚀数据,16Mn,,192,厦门,全浸区,海水（东海）,溃疡腐蚀,0.07,九五数据,黑色金属水环境_592.html,70,
黑色金属水环境腐蚀数据,16Mn,,192,厦门,潮差区,海水（东海）,"边缘腐蚀,溃疡腐蚀",0.053,九五数据,黑色金属水环境_593.html,53,
黑色金属水环境腐蚀数据,16Mn,,192,厦门,飞溅区,海水（东海）,,,九五数据,黑色金属水环境_594.html,,
黑色金属水环境腐蚀数据,16Mn,,192,榆林,全浸区,海水（南海）,点蚀溃疡腐蚀，局部腐蚀最大深度>7.97 mm,,九五数据,黑色金属水环境_595.html,,
黑色金属水环境腐蚀数据,16Mn,,192,榆林,潮差区,海水（南海）,点蚀溃疡腐蚀,,九五数据,黑色金属水环境_596.html,,
黑色金属水环境腐蚀数据,16Mn,,192,榆林,飞溅区,海水（南海）,,,九五数据,黑色金属水环境_597.html,,
黑色金属水环境腐蚀数据,16Mn(N),,12,舟山,全浸区,海水（东海）,"点蚀,溃疡腐蚀",0.15,八五数据,黑色金属水环境_598.html,150,
黑色金属水环境腐蚀数据,16Mn(N),,24,舟山,全浸区,海水（东海）,"点蚀,溃疡腐蚀",0.15,八五数据,黑色金属水环境_599.html,150,
黑色金属水环境腐蚀数据,16Mn(N),,48,舟山,全浸区,海水（东海）,"点蚀,溃疡腐蚀,缝隙腐蚀",0.15,八五数据,黑色金属水环境_600.html,150,
黑色金属水环境腐蚀数据,16Mn(N),,12,舟山,潮差区,海水（东海）,点蚀,0.27,八五数据,黑色金属水环境_601.html,270,
黑色金属水环境腐蚀数据,16Mn(N),,24,舟山,潮差区,海水（东海）,点蚀,0.21,八五数据,黑色金属水环境_602.html,210,
黑色金属水环境腐蚀数据,16Mn(N),,48,舟山,潮差区,海水（东海）,"点蚀,溃疡腐蚀， 局部腐蚀最大深度：穿孔(4.3)",0.16,八五数据,黑色金属水环境_603.html,160,
黑色金属水环境腐蚀数据,16Mn(N),,12,舟山,飞溅区,海水（东海）,点蚀,0.38,八五数据,黑色金属水环境_604.html,380,
黑色金属水环境腐蚀数据,16Mn(N),,24,舟山,飞溅区,海水（东海）,"点蚀,斑蚀",0.34,八五数据,黑色金属水环境_605.html,340,
黑色金属水环境腐蚀数据,16Mn(N),,48,舟山,飞溅区,海水（东海）,"点蚀,坑蚀，局部腐蚀最大深度：穿孔(4.6)",0.26,八五数据,黑色金属水环境_606.html,260,
黑色金属水环境腐蚀数据,16Mn(N),,96,舟山,全浸区,海水（东海）,,0.14,九五数据,黑色金属水环境_607.html,140,
黑色金属水环境腐蚀数据,16Mn(N),,120,舟山,全浸区,海水（东海）,"点蚀,溃疡腐蚀",0.13,九五数据,黑色金属水环境_608.html,130,
黑色金属水环境腐蚀数据,16Mn(N),,96,舟山,潮差区,海水（东海）,,0.13,九五数据,黑色金属水环境_609.html,130,
黑色金属水环境腐蚀数据,16Mn(N),,120,舟山,潮差区,海水（东海）,"点蚀,溃疡腐蚀",0.11,九五数据,黑色金属水环境_610.html,110,
黑色金属水环境腐蚀数据,16Mn(N),,96,舟山,飞溅区,海水（东海）,,0.22,九五数据,黑色金属水环境_611.html,220,
黑色金属水环境腐蚀数据,16Mn(Q),,12,青岛,全浸区,海水（黄海）,不均匀腐蚀,0.17,八五数据,黑色金属水环境_612.html,170,
黑色金属水环境腐蚀数据,16Mn(Q),,24,青岛,全浸区,海水（黄海）,溃疡腐蚀,0.16,八五数据,黑色金属水环境_613.html,160,
黑色金属水环境腐蚀数据,16Mn(Q),,48,青岛,全浸区,海水（黄海）,溃疡腐蚀,0.14,八五数据,黑色金属水环境_614.html,140,
黑色金属水环境腐蚀数据,16Mn(Q),,96,青岛,全浸区,海水（黄海）,斑蚀,0.14,八五数据,黑色金属水环境_615.html,140,
黑色金属水环境腐蚀数据,16Mn(Q),,12,青岛,潮差区,海水（黄海）,点蚀,0.24,八五数据,黑色金属水环境_616.html,240,
黑色金属水环境腐蚀数据,16Mn(Q),,24,青岛,潮差区,海水（黄海）,"点蚀,坑蚀",0.18,八五数据,黑色金属水环境_617.html,180,
黑色金属水环境腐蚀数据,16Mn(Q),,48,青岛,潮差区,海水（黄海）,"点蚀,坑蚀",0.16,八五数据,黑色金属水环境_618.html,160,
黑色金属水环境腐蚀数据,16Mn(Q),,96,青岛,潮差区,海水（黄海）,"坑蚀,溃疡腐蚀",0.12,八五数据,黑色金属水环境_619.html,120,
黑色金属水环境腐蚀数据,16Mn(Q),,12,青岛,飞溅区,海水（黄海）,点蚀,0.31,八五数据,黑色金属水环境_620.html,310,
黑色金属水环境腐蚀数据,16Mn(Q),,24,青岛,飞溅区,海水（黄海）,"点蚀,坑蚀",0.27,八五数据,黑色金属水环境_621.html,270,
黑色金属水环境腐蚀数据,16Mn(Q),,48,青岛,飞溅区,海水（黄海）,"点蚀,坑蚀",0.27,八五数据,黑色金属水环境_622.html,270,
黑色金属水环境腐蚀数据,16Mn(Q),,96,青岛,飞溅区,海水（黄海）,"坑蚀,溃疡腐蚀",0.22,八五数据,黑色金属水环境_623.html,220,
黑色金属水环境腐蚀数据,16Mn(Q),,12,厦门,全浸区,海水（东海）,"斑蚀,溃疡腐蚀",0.18,八五数据,黑色金属水环境_624.html,180,
黑色金属水环境腐蚀数据,16Mn(Q),,24,厦门,全浸区,海水（东海）,溃疡腐蚀,0.15,八五数据,黑色金属水环境_625.html,150,
黑色金属水环境腐蚀数据,16Mn(Q),,48,厦门,全浸区,海水（东海）,溃疡腐蚀,0.095,八五数据,黑色金属水环境_626.html,95,
黑色金属水环境腐蚀数据,16Mn(Q),,96,厦门,全浸区,海水（东海）,溃疡腐蚀,0.084,八五数据,黑色金属水环境_627.html,84,
黑色金属水环境腐蚀数据,16Mn(Q),,12,厦门,潮差区,海水（东海）,斑蚀,0.27,八五数据,黑色金属水环境_628.html,270,
黑色金属水环境腐蚀数据,16Mn(Q),,24,厦门,潮差区,海水（东海）,斑蚀,0.16,八五数据,黑色金属水环境_629.html,160,
黑色金属水环境腐蚀数据,16Mn(Q),,48,厦门,潮差区,海水（东海）,斑蚀,0.1,八五数据,黑色金属水环境_630.html,100,
黑色金属水环境腐蚀数据,16Mn(Q),,96,厦门,潮差区,海水（东海）,溃疡腐蚀,0.067,八五数据,黑色金属水环境_631.html,67,
黑色金属水环境腐蚀数据,16Mn(Q),,12,厦门,飞溅区,海水（东海）,斑蚀,0.09,八五数据,黑色金属水环境_632.html,90,
黑色金属水环境腐蚀数据,16Mn(Q),,24,厦门,飞溅区,海水（东海）,斑蚀,0.11,八五数据,黑色金属水环境_633.html,110,
黑色金属水环境腐蚀数据,16Mn(Q),,48,厦门,飞溅区,海水（东海）,"点蚀,溃疡腐蚀",0.27,八五数据,黑色金属水环境_634.html,270,
黑色金属水环境腐蚀数据,16Mn(Q),,96,厦门,飞溅区,海水（东海）,溃疡腐蚀,0.25,八五数据,黑色金属水环境_635.html,250,
黑色金属水环境腐蚀数据,16Mn(Q),,12,榆林,全浸区,海水（南海）,溃疡腐蚀,0.14,八五数据,黑色金属水环境_636.html,140,
黑色金属水环境腐蚀数据,16Mn(Q),,24,榆林,全浸区,海水（南海）,"溃疡腐蚀,坑蚀",0.098,八五数据,黑色金属水环境_637.html,98,
黑色金属水环境腐蚀数据,16Mn(Q),,48,榆林,全浸区,海水（南海）,坑蚀,0.074,八五数据,黑色金属水环境_638.html,74,
黑色金属水环境腐蚀数据,16Mn(Q),,96,榆林,全浸区,海水（南海）,,0.059,八五数据,黑色金属水环境_639.html,59,
黑色金属水环境腐蚀数据,16Mn(Q),,12,榆林,潮差区,海水（南海）,斑蚀,0.22,八五数据,黑色金属水环境_640.html,220,
黑色金属水环境腐蚀数据,16Mn(Q),,24,榆林,潮差区,海水（南海）,坑蚀,0.18,八五数据,黑色金属水环境_641.html,180,
黑色金属水环境腐蚀数据,16Mn(Q),,48,榆林,潮差区,海水（南海）,坑蚀,0.12,八五数据,黑色金属水环境_642.html,120,
黑色金属水环境腐蚀数据,16Mn(Q),,96,榆林,潮差区,海水（南海）,,0.083,八五数据,黑色金属水环境_643.html,83,
黑色金属水环境腐蚀数据,16Mn(Q),,12,榆林,飞溅区,海水（南海）,斑蚀,0.1,八五数据,黑色金属水环境_644.html,100,
黑色金属水环境腐蚀数据,16Mn(Q),,24,榆林,飞溅区,海水（南海）,斑蚀,0.1,八五数据,黑色金属水环境_645.html,100,
黑色金属水环境腐蚀数据,16Mn(Q),,48,榆林,飞溅区,海水（南海）,点蚀,0.32,八五数据,黑色金属水环境_646.html,320,
黑色金属水环境腐蚀数据,16Mn(Q),,96,榆林,飞溅区,海水（南海）,局部腐蚀最大深度：穿孔(8.1),0.36,八五数据,黑色金属水环境_647.html,360,
黑色金属水环境腐蚀数据,16Mn(Q),,24,舟山,飞溅区,海水（东海）,"点蚀,斑蚀",0.33,八五数据,黑色金属水环境_648.html,330,
黑色金属水环境腐蚀数据,16Mn(Q),,48,舟山,飞溅区,海水（东海）,"点蚀,坑蚀",0.24,八五数据,黑色金属水环境_649.html,240,
黑色金属水环境腐蚀数据,16Mn(Q),,192,青岛,全浸区,海水（黄海）,边缘腐蚀,0.16,九五数据,黑色金属水环境_650.html,160,
黑色金属水环境腐蚀数据,16Mn(Q),,192,青岛,潮汐区,海水（黄海）,"腐蚀开裂,溃疡腐蚀",0.07,九五数据,黑色金属水环境_651.html,70,
黑色金属水环境腐蚀数据,16Mn(Q),,96,舟山,全浸区,海水（东海）,,0.2,九五数据,黑色金属水环境_652.html,200,
黑色金属水环境腐蚀数据,16Mn(Q),,192,厦门,全浸区,海水（东海）,溃疡腐蚀,0.072,九五数据,黑色金属水环境_653.html,72,
黑色金属水环境腐蚀数据,16Mn(Q),,192,厦门,潮差区,海水（东海）,溃疡腐蚀,0.054,九五数据,黑色金属水环境_654.html,54,
黑色金属水环境腐蚀数据,16Mn(Q),,192,厦门,飞溅区,海水（东海）,溃疡腐蚀,0.25,九五数据,黑色金属水环境_655.html,250,
黑色金属水环境腐蚀数据,16Mn(Q),,192,榆林,全浸区,海水（南海）,边缘腐蚀,6.6,九五数据,黑色金属水环境_656.html,6600,
黑色金属水环境腐蚀数据,16Mn(Q),,192,榆林,潮差区,海水（南海）,溃疡腐蚀,6.8,九五数据,黑色金属水环境_657.html,6800,
黑色金属水环境腐蚀数据,16Mn(Q),,192,榆林,飞溅区,海水（南海）,点蚀，局部腐蚀最大深度>8.22 mm,,九五数据,黑色金属水环境_658.html,,
黑色金属水环境腐蚀数据,A3,,12,青岛,全浸区,海水（黄海）,溃疡腐蚀,0.19,八五数据,黑色金属水环境_876.html,190,
黑色金属水环境腐蚀数据,A3,,24,青岛,全浸区,海水（黄海）,"点蚀,溃疡腐蚀",0.16,八五数据,黑色金属水环境_877.html,160,
黑色金属水环境腐蚀数据,A3,,48,青岛,全浸区,海水（黄海）,"点蚀,溃疡腐蚀",0.14,八五数据,黑色金属水环境_878.html,140,
黑色金属水环境腐蚀数据,A3,,96,青岛,全浸区,海水（黄海）,"斑蚀,坑蚀",0.11,八五数据,黑色金属水环境_879.html,110,
黑色金属水环境腐蚀数据,A3,,12,青岛,潮差区,海水（黄海）,斑蚀,0.22,八五数据,黑色金属水环境_880.html,220,
黑色金属水环境腐蚀数据,A3,,24,青岛,潮差区,海水（黄海）,点蚀,0.17,八五数据,黑色金属水环境_881.html,170,
黑色金属水环境腐蚀数据,A3,,48,青岛,潮差区,海水（黄海）,"点蚀,坑蚀",0.12,八五数据,黑色金属水环境_882.html,120,
黑色金属水环境腐蚀数据,A3,,96,青岛,潮差区,海水（黄海）,"斑蚀,溃疡腐蚀",0.08,八五数据,黑色金属水环境_883.html,80,
黑色金属水环境腐蚀数据,A3,,12,青岛,飞溅区,海水（黄海）,斑蚀,0.32,八五数据,黑色金属水环境_884.html,320,
黑色金属水环境腐蚀数据,A3,,24,青岛,飞溅区,海水（黄海）,点蚀,0.27,八五数据,黑色金属水环境_885.html,270,
黑色金属水环境腐蚀数据,A3,,48,青岛,飞溅区,海水（黄海）,"点蚀,溃疡腐蚀",0.3,八五数据,黑色金属水环境_886.html,300,
黑色金属水环境腐蚀数据,A3,,96,青岛,飞溅区,海水（黄海）,"点蚀,溃疡腐蚀 局部腐蚀最大深度：穿孔(8)",0.21,八五数据,黑色金属水环境_887.html,210,
黑色金属水环境腐蚀数据,A3,,12,厦门,全浸区,海水（东海）,"点蚀,斑蚀,溃疡腐蚀",0.2,八五数据,黑色金属水环境_888.html,200,
黑色金属水环境腐蚀数据,A3,,24,厦门,全浸区,海水（东海）,"点蚀,斑蚀,溃疡腐蚀",0.15,八五数据,黑色金属水环境_889.html,150,
黑色金属水环境腐蚀数据,A3,,48,厦门,全浸区,海水（东海）,溃疡腐蚀,0.11,八五数据,黑色金属水环境_890.html,110,
黑色金属水环境腐蚀数据,A3,,96,厦门,全浸区,海水（东海）,溃疡腐蚀,0.092,八五数据,黑色金属水环境_891.html,92,
黑色金属水环境腐蚀数据,A3,,12,厦门,潮差区,海水（东海）,斑蚀,0.22,八五数据,黑色金属水环境_892.html,220,
黑色金属水环境腐蚀数据,A3,,24,厦门,潮差区,海水（东海）,溃疡腐蚀,0.13,八五数据,黑色金属水环境_893.html,130,
黑色金属水环境腐蚀数据,A3,,48,厦门,潮差区,海水（东海）,"斑蚀,坑蚀",0.076,八五数据,黑色金属水环境_894.html,76,
黑色金属水环境腐蚀数据,A3,,96,厦门,潮差区,海水（东海）,斑蚀,0.048,八五数据,黑色金属水环境_895.html,48,
黑色金属水环境腐蚀数据,A3,,12,厦门,飞溅区,海水（东海）,斑蚀,0.11,八五数据,黑色金属水环境_896.html,110,
黑色金属水环境腐蚀数据,A3,,24,厦门,飞溅区,海水（东海）,斑蚀,0.11,八五数据,黑色金属水环境_897.html,110,
黑色金属水环境腐蚀数据,A3,,48,厦门,飞溅区,海水（东海）,点蚀,0.26,八五数据,黑色金属水环境_898.html,260,
黑色金属水环境腐蚀数据,A3,,96,厦门,飞溅区,海水（东海）,"点蚀,斑蚀",0.37,八五数据,黑色金属水环境_899.html,370,
黑色金属水环境腐蚀数据,A3,,12,榆林,全浸区,海水（南海）,溃疡腐蚀,0.1,八五数据,黑色金属水环境_900.html,100,
黑色金属水环境腐蚀数据,A3,,24,榆林,全浸区,海水（南海）,"溃疡腐蚀,坑蚀",0.087,八五数据,黑色金属水环境_901.html,87,
黑色金属水环境腐蚀数据,A3,,48,榆林,全浸区,海水（南海）,"溃疡腐蚀,坑蚀",0.069,八五数据,黑色金属水环境_902.html,69,
黑色金属水环境腐蚀数据,A3,,96,榆林,全浸区,海水（南海）,,0.051,八五数据,黑色金属水环境_903.html,51,
黑色金属水环境腐蚀数据,A3,,12,榆林,潮差区,海水（南海）,坑蚀,0.16,八五数据,黑色金属水环境_904.html,160,
黑色金属水环境腐蚀数据,A3,,24,榆林,潮差区,海水（南海）,坑蚀,0.13,八五数据,黑色金属水环境_905.html,130,
黑色金属水环境腐蚀数据,A3,,48,榆林,潮差区,海水（南海）,坑蚀,0.092,八五数据,黑色金属水环境_906.html,92,
黑色金属水环境腐蚀数据,A3,,96,榆林,潮差区,海水（南海）,,0.079,八五数据,黑色金属水环境_907.html,79,
黑色金属水环境腐蚀数据,A3,,12,榆林,飞溅区,海水（南海）,斑蚀,0.14,八五数据,黑色金属水环境_908.html,140,
黑色金属水环境腐蚀数据,A3,,24,榆林,飞溅区,海水（南海）,坑蚀,0.42,八五数据,黑色金属水环境_909.html,420,
黑色金属水环境腐蚀数据,A3,,48,榆林,飞溅区,海水（南海）,点蚀,0.38,八五数据,黑色金属水环境_910.html,380,
黑色金属水环境腐蚀数据,A3,,96,榆林,飞溅区,海水（南海）,局部腐蚀最大深度：穿孔(8.4),0.38,八五数据,黑色金属水环境_911.html,380,
黑色金属水环境腐蚀数据,A3,,12,舟山,飞溅区,海水（东海）,"点蚀,斑蚀",0.35,八五数据,黑色金属水环境_912.html,350,
黑色金属水环境腐蚀数据,A3,,24,舟山,飞溅区,海水（东海）,"点蚀,斑蚀",0.32,八五数据,黑色金属水环境_913.html,320,
黑色金属水环境腐蚀数据,A3,,48,舟山,飞溅区,海水（东海）,"点蚀,溃疡腐蚀",0.24,八五数据,黑色金属水环境_914.html,240,
黑色金属水环境腐蚀数据,A3,,192,青岛,全浸区,海水（黄海）,"边缘腐蚀,溃疡腐蚀",0.1,九五数据,黑色金属水环境_915.html,100,
黑色金属水环境腐蚀数据,A3,,192,青岛,潮汐区,海水（黄海）,"腐蚀开裂,溃疡腐蚀",0.071,九五数据,黑色金属水环境_916.html,71,
黑色金属水环境腐蚀数据,A3,,192,厦门,全浸区,海水（东海）,溃疡腐蚀,0.092,九五数据,黑色金属水环境_917.html,92,
黑色金属水环境腐蚀数据,A3,,192,厦门,潮差区,海水（东海）,边缘腐蚀,0.036,九五数据,黑色金属水环境_918.html,36,
黑色金属水环境腐蚀数据,A3,,192,厦门,飞溅区,海水（东海）,边缘腐蚀,0.27,九五数据,黑色金属水环境_919.html,270,
黑色金属水环境腐蚀数据,A3,,192,榆林,全浸区,海水（南海）,点蚀溃疡腐蚀,,九五数据,黑色金属水环境_920.html,,
黑色金属水环境腐蚀数据,A3,,192,榆林,潮差区,海水（南海）,点蚀,,九五数据,黑色金属水环境_921.html,,
黑色金属水环境腐蚀数据,A3,,192,榆林,飞溅区,海水（南海）,点蚀 局部腐蚀最大深度>8.43 mm,,九五数据,黑色金属水环境_922.html,,
黑色金属水环境腐蚀数据,A3(N),,12,舟山,全浸区,海水（东海）,"点蚀,溃疡腐蚀",0.19,八五数据,黑色金属水环境_923.html,190,
黑色金属水环境腐蚀数据,A3(N),,24,舟山,全浸区,海水（东海）,"点蚀,溃疡腐蚀",0.19,八五数据,黑色金属水环境_924.html,190,
黑色金属水环境腐蚀数据,A3(N),,48,舟山,全浸区,海水（东海）,"点蚀,溃疡腐蚀",0.16,八五数据,黑色金属水环境_925.html,160,
黑色金属水环境腐蚀数据,A3(N),,12,舟山,潮差区,海水（东海）,点蚀,0.29,八五数据,黑色金属水环境_926.html,290,
黑色金属水环境腐蚀数据,A3(N),,24,舟山,潮差区,海水（东海）,点蚀,0.21,八五数据,黑色金属水环境_927.html,210,
黑色金属水环境腐蚀数据,A3(N),,48,舟山,潮差区,海水（东海）,"点蚀,溃疡腐蚀,缝隙腐蚀",0.14,八五数据,黑色金属水环境_928.html,140,
黑色金属水环境腐蚀数据,A3(N),,12,舟山,飞溅区,海水（东海）,"点蚀,溃疡腐蚀",0.44,八五数据,黑色金属水环境_929.html,440,
黑色金属水环境腐蚀数据,A3(N),,24,舟山,飞溅区,海水（东海）,"点蚀,溃疡腐蚀",0.38,八五数据,黑色金属水环境_930.html,380,
黑色金属水环境腐蚀数据,A3(N),,48,舟山,飞溅区,海水（东海）,"溃疡腐蚀,点蚀 局部腐蚀最大深度：穿孔(4)",0.27,八五数据,黑色金属水环境_931.html,270,
黑色金属水环境腐蚀数据,A3(N),,96,舟山,全浸区,海水（东海）,,0.14,九五数据,黑色金属水环境_932.html,140,
黑色金属水环境腐蚀数据,A3(N),,120,舟山,全浸区,海水（东海）,"点蚀,溃疡腐蚀",0.14,九五数据,黑色金属水环境_933.html,140,
黑色金属水环境腐蚀数据,A3(N),,96,舟山,潮差区,海水（东海）,,0.1,九五数据,黑色金属水环境_934.html,100,
黑色金属水环境腐蚀数据,A3(N),,120,舟山,潮差区,海水（东海）,"点蚀,溃疡腐蚀,缝隙腐蚀",0.08,九五数据,黑色金属水环境_935.html,80,
黑色金属水环境腐蚀数据,A3(N),,96,舟山,飞溅区,海水（东海）,,0.18,九五数据,黑色金属水环境_936.html,180,
