排名,mat_idx,depth,wall,Q,cost,life,N,n_theory,n_space,T_sea,t_req,corr_allow_mm,mass_kg,材料,D_plus,D_minus,TOPSIS贴近度
1,0,100.0,0.01206010852963359,6945888.265449111,57513.087526404466,50.0,992,13891.776530898223,992.0537273718509,20.30362060856164,0.00455747097597402,7.502637553659571,1700.8662512002031,6061 铝合金,0.008784679060365966,0.088417553259217,0.9096247189932474
2,0,100.0,0.012052533605418787,6945888.265449111,57491.327700887705,49.96708419629845,992,13891.776530898223,992.0861034079118,20.30362060856164,0.00455747097597402,7.495062629444767,1699.8771682221684,6061 铝合金,0.008782160796064394,0.08838747971261998,0.909620322251995
3,0,78.78649624440335,0.009685404676104832,6773644.836936276,50672.814055120674,40.63155317852859,1002,13547.289673872552,1002.2312419112973,21.599615122985714,0.003590671699325544,6.094732976779288,1389.9447297782128,6061 铝合金,0.018597792335610513,0.07761525495777576,0.8067019717305125
4,0,78.52209360154527,0.009512121295911155,6771431.339953488,50172.20886953009,39.55666446862385,1002,13542.862679906975,1002.9760829730267,21.616267286324224,0.003578621625617578,5.933499670293577,1367.1899486150044,6061 铝合金,0.019811382021924485,0.07672865604897816,0.7947858482573391
5,0,87.04768362754761,0.00975005660441436,6841978.354688822,50859.53843527282,38.5525579188746,1001,13683.956709377644,1001.9534182099723,21.085512213214756,0.003967172916583171,5.782883687831189,1398.4322016033102,6061 铝合金,0.019924901556785096,0.07707640658865358,0.7945914138919575
6,0,89.5233769838544,0.009790407806466585,6862144.306249976,50976.064624884035,38.0693725581041,1001,13724.288612499953,1001.7800410790763,20.93378293700319,0.00408000192275097,5.710405883715615,1403.728846585638,6061 铝合金,0.020260206679693107,0.07704479496565629,0.7917865850972787
7,0,43.86569937641106,0.008415160874191672,6467123.786767908,46998.524988720994,42.773295711358145,1007,12934.247573535817,1007.6981476647588,23.905289671345166,0.00199916651748795,6.415994356703721,1222.931590396409,6061 铝合金,0.02342587249676812,0.07512632530168901,0.7622998469838806
8,0,39.08061217312808,0.00827111682029928,6422901.973080445,46581.18793124086,43.26686175517332,1008,12845.80394616089,1008.3190956412082,24.237925349176518,0.0017810875570232819,6.490029263275998,1203.9617241473115,6061 铝合金,0.02423263801286488,0.07502023917489922,0.7558495159085195
9,0,38.93467821252281,0.008208801427445173,6421544.925896627,46400.599552237654,42.89576512213711,1008,12843.089851793255,1008.5877897015664,24.248133195593905,0.0017744366591246074,6.434364768320566,1195.753161465348,6061 铝合金,0.024490005960770236,0.07466866733618485,0.7530220489393915
10,0,40.161532311347436,0.008208801427445173,6432938.055029323,46400.599552237654,42.52300832566057,1008,12865.876110058647,1008.5877897015664,24.16243325639612,0.001830350178596087,6.378451248849085,1195.753161465348,6061 铝合金,0.02443911846382538,0.0744752959874234,0.752926622480584
11,0,59.46976883544479,0.007347965071342618,6607617.025753614,43903.27533839599,30.917650781255855,1012,13215.234051507226,1012.3035115367805,22.848530143699342,0.0027103174541542392,4.637647617188378,1082.2384244725454,6061 铝合金,0.03267498522871788,0.06814300738496262,0.6759012515362853
12,0,82.78981449907553,0.00790481767269404,6806958.89822054,45519.29228378594,27.54463937223962,1009,13613.91779644108,1009.8990702484689,21.34898624019702,0.003773121766858098,4.131695905835943,1155.6937401720882,6061 铝合金,0.03485297001620435,0.06958870268588319,0.6662924949926838
13,5,81.34956324797034,0.006660145599921792,7029297.835454398,241596.11167661595,46.17699265794364,1015,14058.595670908795,1015.2776939709229,21.438829185869757,0.0029659861872863005,3.6941594126354915,3257.3835540678815,T2 紫铜,0.04218119251223317,0.07566155608063738,0.6420552557038276
14,5,90.16824214343066,0.007181811618907169,7104452.957232444,256995.9460285379,48.678730584011355,1013,14208.905914464887,1013.0215423205975,20.894437545119693,0.003287513172186261,3.8942984467209083,3483.851706302028,T2 紫铜,0.044687873610994244,0.07961479663198931,0.6404914429944298
15,5,80.5241204842919,0.006522839255720347,7022166.153344881,237539.70403415035,44.8368564992048,1015,14044.332306689761,1015.8719776877344,21.490484695131325,0.0029358907357839624,3.586948519936384,3197.730500502211,T2 紫铜,0.04173233218085178,0.07421165831999531,0.6400647243502725
16,5,89.69985201175024,0.007003879117401875,7100508.905081437,251745.35882476764,46.66804175825179,1013,14201.017810162874,1013.7907792301805,20.923008338258846,0.0032704357767417316,3.733443340660143,3406.637188599524,T2 紫铜,0.043897014970026245,0.07749800476689185,0.6383952565339344
17,5,94.2757588064712,0.007347234988307334,7138810.774591455,261875.48376725125,48.87453390399972,1012,14277.62154918291,1012.3066659868368,20.64553954724581,0.003437272275987356,3.909962712319978,3555.609614224283,T2 紫铜,0.045591607581729775,0.08048466090308969,0.6383807346961625
18,5,82.0159130758834,0.006502098003525205,7035042.868518777,236926.83952034914,43.89771070293039,1015,14070.085737037554,1015.9617653602925,21.397216932680003,0.0029902811472907733,3.5118168562344314,3188.717787063958,T2 紫铜,0.04184826726918246,0.07354820610264004,0.6373522860240115
19,5,100.0,0.0076463046650614925,7186005.113846939,270692.5294854457,50.0,1011,14372.010227693878,1011.0149253230409,20.30362060856164,0.0036459767807792156,4.000327884282277,3685.272051256555,T2 紫铜,0.04727091777005946,0.08259206146647519,0.6359938910383428
20,5,100.0,0.007603198034195759,7186005.113846939,269422.0507711177,49.46526566770679,1011,14372.010227693878,1011.2010567178684,20.30362060856164,0.0036459767807792156,3.9572212534165434,3666.5885407517303,T2 紫铜,0.04702828299205072,0.08203603376953204,0.6356213384763438
21,5,96.12785594873509,0.007284593930894958,7154168.186699782,260027.96113237296,47.24743278928981,1012,14308.336373399563,1012.5773371607235,20.534280326348433,0.003504799307751773,3.779794623143185,3528.4401637113674,T2 紫铜,0.045368773835245284,0.0791347222515134,0.6356024106854749
22,5,99.54501483776522,0.0074630948523713775,7182283.185259148,265291.9323782807,47.9213340620404,1011,14364.566370518294,1011.8061394229869,20.330586988339785,0.003629388127408145,3.8337067249632324,3605.8515055629514,T2 紫铜,0.046312452447069205,0.08038055494323311,0.6344513923772073
23,5,78.51480293096351,0.006229074287963235,7004736.597018226,228856.79771659363,42.08053504532183,1017,14009.473194036453,1017.1440662680594,21.616726629167783,0.0028626314843374885,3.3664428036257465,3070.040701714612,T2 紫铜,0.041088997528529916,0.07128627141145881,0.6343590728092273
24,5,80.15258823645199,0.006256613856037757,7018950.760297491,229671.04146262215,41.678363746789294,1017,14037.901520594982,1017.0247755452251,21.513773948931707,0.0029223447562946128,3.334269099743144,3082.0148744503254,T2 紫铜,0.041362075945337924,0.07118369840844123,0.6324866377006803
25,0,30.12341970044575,0.005963375458951957,6338689.99322997,39876.17649220401,30.60339566088868,1018,12677.37998645994,1018.2953563410812,24.871402226055103,0.001372866109818655,4.590509349133302,899.1884769183641,6061 铝合金,0.03748324714852297,0.0640774344140656,0.6309275738227175
26,5,100.0,0.007033665885671805,7186005.113846939,252624.48182594634,42.346113811157366,1013,14372.010227693878,1013.6619833766265,20.30362060856164,0.0036459767807792156,3.3876891048925892,3419.5654680286225,T2 紫铜,0.04514805097812494,0.07510235218920402,0.6245496914026872
27,5,97.76768077754629,0.006871639451677145,7167695.574794884,247841.72964960453,41.33815639276829,1014,14335.391149589768,1014.3626801483683,20.43627592989213,0.003564586940255682,3.307052511421463,3349.2308772000665,T2 紫铜,0.0446420831758506,0.07381622455454698,0.6231409680657206
28,5,76.01905235813004,0.005739696192734055,6982950.577297702,214379.13599031948,37.10073993485299,1019,13965.901154595405,1019.2651150826209,21.774518355274957,0.002771636997945816,2.968059194788239,2857.1339116223453,T2 紫铜,0.04129020460410961,0.06659922782268606,0.6172914837407683
29,5,99.99999999999999,0.006766358873896585,7186005.113846939,244733.07025925355,39.00477616396713,1014,14372.010227693878,1014.8181140740562,20.30362060856164,0.003645976780779215,3.1203820931173705,3303.5152979301993,T2 紫铜,0.04516316450400011,0.07219306282185432,0.6151617555104352
30,5,100.0,0.0067436577110246265,7186005.113846939,244062.6662673365,38.721011628067636,1014,14372.010227693878,1014.9163315638151,20.30362060856164,0.0036459767807792156,3.097680930245411,3293.656415696125,T2 紫铜,0.04519139271963585,0.07195751807746936,0.6142397533861447
31,5,83.34630967460575,0.00598075016878194,7046480.702827265,221512.45118388685,36.77453838011842,1018,14092.961405654529,1018.2200492411009,21.314369690470468,0.0030387870983724662,2.9419630704094737,2962.0356056453948,T2 紫铜,0.04252873827974672,0.06754450032422758,0.613632352249049
32,5,75.91395890186509,0.0056642954289554,6982029.861726581,212147.05553840206,36.20612642528903,1019,13964.059723453161,1019.5921258724885,21.781186820084415,0.0027678053149322772,2.8964901140231225,2824.309199094148,T2 紫铜,0.04153481760295933,0.06587688045970083,0.6133119729777534
33,5,91.75688831564261,0.006143912593500711,7117790.198387434,226338.55518724557,34.9809718843358,1017,14235.580396774867,1017.5130012129862,20.797820711139927,0.0033454348427538467,2.7984777507468643,3033.007723341847,T2 紫铜,0.04447306639550819,0.06760208974616959,0.6031853273593626
34,0,52.543939058227245,0.005975883391771888,6545961.582260098,39912.613109563594,23.874724130398032,1018,13091.923164520196,1018.2411429818488,23.31228861809652,0.0023946747722121834,3.5812086195597046,900.8446867983455,6061 铝合金,0.042567694604606486,0.06357653219733077,0.5989636376169865
35,5,99.91083677338202,0.006372941245726538,7185276.127451185,233109.84888578672,34.1276916935851,1016,14370.55225490237,1016.5209733051734,20.308902330859766,0.0036427259102397302,2.730215335486808,3132.5855718498046,T2 紫铜,0.04620683448266978,0.06840495449851193,0.5968404743227893
36,5,100.0,0.006306595563252999,7186005.113846939,231148.685761613,33.25773478092229,1016,14372.010227693878,1016.8082933709642,20.30362060856164,0.0036459767807792156,2.6606187824737835,3103.744937670779,T2 紫铜,0.046536967938174516,0.06781314589905946,0.5930308560565557
37,0,18.466927552995333,0.005068308543528525,6226309.025514242,37266.07002467375,28.177891200977424,1022,12452.618051028485,1022.1788847751873,25.71689630023566,0.0008416248633819116,4.226683680146613,780.5472738488068,6061 铝合金,0.04225637291724597,0.06117578161990583,0.591458061505739
38,0,76.7552415175897,0.00651620519382149,6756597.698808828,41485.61990278524,20.12071559412386,1015,13513.195397617657,1015.9006956918582,21.727859582742845,0.0034980978547029112,3.0181073391185786,972.3449955811475,6061 铝合金,0.045623094132464334,0.065849629683178,0.5907241469409371
39,0,23.33223935934099,0.005026319680374204,6273599.013967478,37143.495211730275,26.419730956849673,1022,12547.198027934955,1022.3612615392361,25.361091338905513,0.0010633600368467522,3.962959643527451,774.9756914422852,6061 铝合金,0.043415025090864125,0.06081333576014477,0.5834624593883375
40,0,59.703454829070765,0.00585475922700385,6609677.790360859,39559.72485368521,20.89194401010127,1018,13219.355580721718,1018.7661987957838,22.83302938930166,0.0027209676254886595,3.1337916015151905,884.804311531146,6061 铝合金,0.045860747417795174,0.06354108109549106,0.5808045620350336
41,5,83.79306355202822,0.0054176933741746465,7050311.908018114,204844.23748035816,29.53272166455157,1020,14100.623816036228,1020.6620247192658,21.286618939354753,0.0030550756410105207,2.3626177331641256,2716.91481588762,T2 紫铜,0.045809383602334594,0.06265009267134816,0.577635950530124
42,5,84.21446570032214,0.00525138259472399,7053921.24613231,199916.82529532982,27.26178411541211,1021,14107.842492264619,1021.383914895422,21.260475096121173,0.0030704398654910216,2.1809427292329686,2644.452871990144,T2 紫铜,0.04736822872800035,0.06149830718865924,0.5648963354151172
43,5,71.94841462234521,0.00475147084685109,6947091.4949336,185094.30815641067,26.60310444477032,1023,13894.182989867199,1023.5554867279966,22.03422989893717,0.0026232224912694645,2.1282483555816256,2426.474678770745,T2 紫铜,0.04643421879845906,0.059160916934148905,0.5602617632308219
44,5,85.28423456615556,0.005180680932716341,7063064.442894877,197821.52833814776,25.890469284612845,1021,14126.128885789754,1021.6908862289986,21.19424668118941,0.0031094433899473135,2.0712375427690275,2613.639681443349,T2 紫铜,0.048508248332523256,0.061025824740140115,0.5571401028760835
45,1,100.0,0.004,5160101.678354176,48441.17750271392,50.0,1026,9977.011818331946,1026.8244686808027,20.30362060856164,0.002430651187186144,1.569348812813856,1889.8098335142613,304 不锈钢,0.0581900489349394,0.073137919503488,0.5569104614435456
46,0,66.62374152373006,0.005582768332978843,6670125.033101216,38766.93916322995,16.976070999512633,1019,13340.250066202432,1019.9457697479023,22.37834662475597,0.0030363576830519487,2.546410649926895,848.7685983286343,6061 铝合金,0.05072352128422154,0.06362224110301459,0.5564022642794189
47,0,65.24600378555031,0.005478246287465138,6658180.188603843,38462.15242837714,16.69785734637182,1020,13316.360377207686,1020.3992562113335,22.468196915538893,0.0029735676855093653,2.5046786019557725,834.9146558353245,6061 铝合金,0.05121220613984153,0.06336803316565069,0.5530450411846299
48,5,99.2229026470033,0.005600694171123299,7179645.145708532,210263.97565328353,24.788127242479923,1019,14359.290291417065,1019.8680063588247,20.349700156400104,0.0036176439917249056,1.983050179398394,2796.616847842405,T2 紫铜,0.05123268041416818,0.06295403501759574,0.5513253864913561
49,0,5.968867350599007,0.004024710496997616,6102320.064835218,34216.094411618884,25.017873999331176,1026,12204.640129670435,1026.7168862567269,26.64996163979102,0.0002720293970979392,3.7526810998996765,641.9120187099493,6061 铝合金,0.04807500771214671,0.05802476247120911,0.5468886725290157
50,0,8.966918560159202,0.004,6132391.546602465,34143.78862433361,23.942235261210115,1026,12264.783093204931,1026.8244686808027,26.42363381601621,0.0004086647108184831,3.591335289181517,638.6253920151643,6061 铝合金,0.04875161631688483,0.057864943420716006,0.54273879745445
51,5,77.71944498923698,0.004700749781494035,6997810.195002629,183589.47042537198,23.33896078794974,1023,13995.620390005259,1023.7759528741102,21.66689361758845,0.0028336329184580557,1.8671168630359793,2404.344712137823,T2 紫铜,0.04972596125651537,0.058740168810665155,0.5415530984122263
52,5,77.61175382324629,0.004665705939626316,6996871.178161409,182549.65686283447,22.94999270094039,1023,13993.742356322817,1023.9282906870721,21.673694755036777,0.002829706523551085,1.835999416075231,2389.053336218154,T2 紫铜,0.050057253921137045,0.05858789516936277,0.5392591906755074
53,5,87.84194132808965,0.004975495923020601,7084811.76038071,191738.80185235574,22.159989230159383,1022,14169.623520761419,1022.58203564566,21.036716714499168,0.00320269678460785,1.7727991384127506,2524.1878213581726,T2 紫铜,0.05186093050903031,0.06002104579149717,0.5364675149308583
54,5,73.81098626794484,0.0044957533098056324,6963549.340037844,177505.67945522175,22.557773610152857,1024,13927.09868007569,1024.6672582429778,21.91503419497718,0.002691131420993404,1.8046218888122285,2314.877197870908,T2 紫铜,0.0500472474717134,0.05784885189098921,0.5361533200243412
55,0,16.26086807361216,0.004,6204685.855388904,34143.78862433361,21.726104380691336,1026,12409.371710777808,1026.8244686808027,25.879598437917622,0.0007410843428962997,3.2589156571037003,638.6253920151643,6061 铝合金,0.050153761718319964,0.05784075093973511,0.5355897213303541
56,5,74.81277049938255,0.004429976922002525,6972366.260468093,175552.99562651184,21.27900850671743,1024,13944.732520936186,1024.953336050182,21.851176941742985,0.0027276562414651306,1.7023206805373945,2286.1612592134093,T2 紫铜,0.05132572905718817,0.057629256445753334,0.5289272095235834
57,5,90.16808444287807,0.004868322555600177,7104451.6302246945,188560.50641671004,19.760189164243087,1023,14208.90326044939,1023.0476715952739,20.894447158026168,0.0032875074224607303,1.580815133139447,2477.4481825986772,T2 紫铜,0.054293969674232764,0.05976017642222056,0.5239632092960703
58,4,100.0,0.007843888066764648,6282058.368380295,37327.682126699045,19.080447081503834,1010,12564.11673676059,1010.1620094692447,20.30362060856164,0.0021197539423134975,5.72413412445115,3314.163870519046,AISI 1040 碳钢,0.05229362522243712,0.05750732020532401,0.5237415760063606
59,0,32.864058533964105,0.004022188621987833,6364654.585264833,34208.71529854086,16.829457951835376,1026,12729.309170529665,1026.727865500606,24.6760796425213,0.001497769929212527,2.5244186927753063,641.5766044791301,6061 铝合金,0.05410238525226579,0.05868714978643739,0.5203244234165801
60,0,47.334306086219684,0.004074231871530017,6498845.398638868,34360.98746483361,12.77989739981234,1026,12997.690797277735,1026.5013026017828,23.666685049705777,0.002157247261558166,1.9169846099718508,648.4980665833463,6061 铝合金,0.058097185465486284,0.06031578592075827,0.509368063436375
61,5,71.88272678947246,0.004,6946509.529776754,162781.1890159596,17.23965589831092,1026,13893.019059553508,1026.8244686808027,22.038444737828183,0.0026208275281351264,1.3791724718648737,2098.3405737641115,T2 紫铜,0.05515670570769471,0.05641993268616396,0.505660804074461
62,5,84.07652873711753,0.004332757741409693,7052740.2832767,172666.34302810146,15.84183781961529,1025,14105.4805665534,1025.3762448864065,21.269029286950925,0.0030654107158404695,1.2673470255692232,2243.7104857073746,T2 紫铜,0.05758784892436973,0.0581947963464983,0.5026210638939396
63,0,52.777913295956225,0.004,6548062.780826293,34143.78862433361,10.631079465413748,1026,13096.125561652585,1026.8244686808027,23.296483945902942,0.002405338080187938,1.5946619198120622,638.6253920151643,6061 铝合金,0.060633327641097114,0.061126389787835224,0.5020247342764486
64,5,88.4320276010738,0.0042238532595117164,7089806.414586037,169431.96859081433,12.495525830053731,1025,14179.612829172074,1025.8500966862177,21.000536343961905,0.003224211193107418,0.9996420664042985,2196.1461557472694,T2 紫铜,0.06157233896447963,0.05888744816945878,0.4888556552402191
65,5,83.98277622259205,0.004029610892995686,7051937.345771217,163661.1363677087,12.095229650827655,1026,14103.874691542434,1026.695552055826,21.274845278390462,0.003061992520929474,0.9676183720662124,2111.2809759957163,T2 紫铜,0.061665416526804746,0.05823313296785212,0.4856867177567249
66,4,69.4017603255163,0.005544892009814467,6056487.697499761,32764.03506465323,13.579151530931236,1020,12112.975394999523,1020.1100900383312,22.1981903840856,0.0014711465505350965,4.073745459279371,2436.5394355102367,AISI 1040 碳钢,0.06251615818083378,0.05353158374268552,0.46128931813223256
67,4,51.930414539353976,0.005933036416112653,5918863.65080786,33536.21009531657,16.107464688849852,1018,11837.727301615721,1018.426861840787,23.3537771380466,0.0011007970094576974,4.832239406654955,2585.0346337147257,AISI 1040 碳钢,0.06161389019038727,0.05212598560167588,0.4582912126347976
68,4,64.17218402423778,0.005514332801860721,6015965.392119024,32703.21145857373,13.846801337127562,1020,12031.930784238048,1020.2426765695759,22.53845828696555,0.0013602924007224528,4.154040401138269,2424.8425881872554,AISI 1040 碳钢,0.06279292623323611,0.05303471311026898,0.4578761460637749
69,4,41.787550778380776,0.006188775974564375,5836031.667939721,34044.604599751714,17.676609065144646,1017,11672.063335879442,1017.3186364626539,24.049257972866187,0.0008857932550209811,5.302982719543394,2682.8028076445603,AISI 1040 碳钢,0.061241949586864824,0.05154431195504882,0.4570087814808359
70,4,47.150877622378886,0.004,5880099.725111162,29683.837417239953,10.001724709214038,1026,11760.199450222324,1026.8244686808027,23.679250095243262,0.000999482587235789,3.000517412764211,1844.1937340846068,AISI 1040 碳钢,0.06964368798746158,0.051580167562173505,0.4254951909284391
71,4,23.33223935934099,0.004950930252064393,5679801.280899855,31581.081091755077,14.854480628049135,1022,11359.602561799711,1022.6887560201473,25.361091338905513,0.0004945860636496522,4.45634418841474,2209.048286875977,AISI 1040 碳钢,0.06728385580655655,0.04972120373656212,0.4249491768194766
72,4,46.15734730398061,0.004,5871981.753907884,29683.837417239953,10.071926036188461,1026,11743.963507815766,1026.8244686808027,23.747410741119396,0.0009784221891434616,3.021577810856538,1844.1937340846068,AISI 1040 碳钢,0.06968230854581889,0.05148759807736107,0.4249206714129086
73,4,15.738720629822861,0.0051547551639937825,5613459.000435462,31987.206285736876,16.070443376578016,1021,11226.918000870925,1021.8034627238125,25.91823323816952,0.00033362215102037784,4.821133012973404,2287.1492857186304,AISI 1040 碳钢,0.06718594844843984,0.04939955336295987,0.42371952425845794
74,4,19.641684151176854,0.005004125995755478,5647707.760783589,31687.0928822975,15.29256873874714,1022,11295.415521567178,1022.4576658812186,25.630604221173602,0.00041635537413133673,4.587770621624141,2229.435169672596,AISI 1040 碳钢,0.06739029655721072,0.049530430669277925,0.42362403864741527
75,4,34.3116244811056,0.004,5773601.922459567,29683.837417239953,10.908926624633203,1026,11547.203844919133,1026.8244686808027,24.573445841377815,0.0007273220126100391,3.2726779873899607,1844.1937340846068,AISI 1040 碳钢,0.07023851711194648,0.05045386547605968,0.4180368669022658
76,4,31.990986640495677,0.0040166837070916735,5753985.419238197,29717.159268911724,11.128511688649272,1026,11507.970838476393,1026.7518319364106,24.738159315967106,0.0006781302004968913,3.338553506594782,1850.6017824830237,AISI 1040 碳钢,0.07030216091606831,0.050264057925632474,0.41690001070388893
77,4,9.589829685516799,0.004049571989389653,5558860.441763477,29782.84230975049,12.820970655232536,1026,11117.720883526954,1026.608652550844,26.376807439573184,0.0002032807928198924,3.8462911965697604,1863.2331364904787,AISI 1040 碳钢,0.07180124833743935,0.04879034617104139,0.4045916000191054
78,4,5.0,0.004110849002553139,5517594.593321529,29905.208963276695,13.349537684791546,1026,11035.189186643058,1026.3419112118013,26.7234407807409,0.00010598769711567486,4.004861305437464,1886.765185245518,AISI 1040 碳钢,0.07199335506052627,0.04857585719933148,0.40288773799598177
