阶段,hour,datetime,T_inf_degC,U_m_s,d_eff_m,T_shell_degC,Q_W,Q_eff_W,T_wo_degC,Gr_Re2,Q_cap_W,h_nat_W_m2K,h_forced_W_m2K,h_mixed_W_m2K
大潮,3971,2026-06-15 12:00:00,26.847829359084205,0.14605476315789476,30.625760273972602,76.36050053594485,6521.312169577114,6521.261913696883,27.25142860338781,0.05560119819531399,871412.3274469667,154.09068584078238,410.36902592672465,417.4868577130485
大潮,3972,2026-06-15 13:00:00,26.8670144755251,0.1697389736842105,30.115760273972604,76.31594248241348,6516.486877582988,6518.904175888975,27.229594557641256,0.03698203952069642,962026.3000626137,138.86104791782893,456.82840131193217,461.0657263935407
大潮,3973,2026-06-15 14:00:00,26.887824586061175,0.17237055263157897,29.555760273972602,76.28633013431086,6508.8990210305365,6512.563318921085,27.245957828390093,0.03543902438050755,971939.0550324323,137.24850038897057,461.99624715276286,465.99907847685125
大潮,3974,2026-06-15 15:00:00,26.907657441617012,0.14737055263157894,29.0257602739726,76.27762436938224,6498.630647068799,6503.693503158586,27.307129557086565,0.05413679783069002,875743.0491166571,152.69297383259706,413.1976433189946,420.034463514633
大潮,3975,2026-06-15 16:00:00,26.922284388279973,0.09605476315789474,28.655760273972604,76.29949751637184,6481.638027868076,6490.720110391587,27.455695242392903,0.17052392878717848,689993.9800139507,193.43800771634608,307.36546871830114,331.03445046869314
大潮,3976,2026-06-15 17:00:00,26.929428457943683,0.03421265789473684,28.515760273972603,76.38760864187698,6433.477353946812,6462.618021158588,27.91440329255216,2.497280747456836,539509.0153661688,237.326457928819,158.48956981448,258.8719861669387
大潮,3977,2026-06-15 18:00:00,26.928764368308027,0.08158107894736842,28.615760273972604,76.45293597443855,6498.092208297972,6472.28426093093,27.523696036712646,0.2639216368234795,639169.1914083975,199.4334665369712,275.5157274299373,306.68797535650094
大潮,3978,2026-06-15 19:00:00,26.92159324191157,0.1144758157894737,28.9157602739726,76.43883408280134,6512.468623081842,6505.982860981334,27.398073949048367,0.10716320418864904,755161.2761120548,181.42532699666828,346.446286560259,362.2946724006622
大潮,3979,2026-06-15 20:00:00,26.912794291937097,0.12105476315789476,29.265760273972603,76.41073351476487,6511.548319512004,6511.921931921181,27.371453278158622,0.09220433784097583,778196.1041587201,174.76005968102672,360.0523522043781,373.28393542598474
大潮,3980,2026-06-15 21:00:00,26.903993921892223,0.11052844736842107,29.615760273972604,76.39054638711585,6505.75334425713,6508.564579947404,27.39149869109996,0.11757643551513358,741880.8880553925,185.4842447286091,338.1402621492603,355.80532470401187
大潮,3981,2026-06-15 22:00:00,26.897794378188056,0.08552844736842104,29.885760273972604,76.38983567074422,6494.578246889101,6500.301528146575,27.474637286513627,0.23257657022866174,652825.918576373,197.58324181943914,284.2543196115269,313.05809829416023
大潮,3982,2026-06-15 23:00:00,26.89517150239849,0.055265289473684205,30.045760273972604,76.42244973781504,6476.201784046915,6486.163173399674,27.651196823953935,0.7317355261074119,563216.1834041699,214.97307498883762,213.73758838891573,270.07303751198043
大潮,3983,2026-06-16 00:00:00,26.89645057416299,0.03552844736842106,30.085760273972603,76.49594552342685,6459.54199265469,6468.818717421633,27.86573541897856,2.2764114251966556,539915.533556519,235.68408295006162,162.1526895810772,258.9061618568482
大潮,3984,2026-06-16 01:00:00,26.901956873121723,0.05658107894736842,29.995760273972603,76.54236199985569,6496.5087031924795,6480.307370609465,27.64957880169206,0.690385637919407,566390.2913400093,214.17923662644807,216.98788374567349,271.6297905611977
大潮,3985,2026-06-16 02:00:00,26.908437588272125,0.05789686842105263,29.875760273972602,76.54974348504629,6497.592700702181,6496.868335052678,27.645834540088437,0.6503676964473123,569412.6734463831,213.2073393645116,220.21850550641977,273.1126002594917
大潮,3986,2026-06-16 03:00:00,26.914266313450312,0.04210739473684212,29.7757602739726,76.57500166139636,6480.604029294803,6489.283979650948,27.800095243781186,1.4801742516766907,542656.7377964404,227.64241301728916,180.10138644729471,260.3079847625689
大潮,3987,2026-06-16 04:00:00,26.916840799590357,0.055265289473684205,29.7757602739726,76.59433630654023,6500.864502600748,6491.797093822931,27.675516216733126,0.7347439376351067,563464.6595980241,215.30128113576313,213.77171203113718,270.30248292208097
大潮,3988,2026-06-16 05:00:00,26.912908235691894,0.09737055263157895,29.975760273972604,76.55776349383959,6525.674449081071,6515.516361897644,27.445120968402694,0.16553019860529714,695088.5044936662,193.29409139295248,310.18327717667796,333.4197227986709
大潮,3989,2026-06-16 06:00:00,26.90507086817191,0.12763371052631578,30.295760273972604,76.49342693505533,6528.2303986419265,6527.295393917793,27.34853081347472,0.08016289699782318,802154.8120356413,169.0765111987271,373.5118138233091,384.7204410604003
大潮,3990,2026-06-16 07:00:00,26.893653976675004,0.13421265789473685,30.725760273972604,76.4339936786317,6522.441043562224,6525.215121488545,27.32164801405789,0.06993285088705754,826447.1722136491,163.28571577877798,386.8210736975216,396.2860562219064
大潮,3991,2026-06-16 08:00:00,26.88418733632792,0.10658107894736842,31.0957602739726,76.39780782144616,6508.306230867093,6515.3521923583785,27.384053545307747,0.12960661041370658,729193.1182154105,190.03273664891486,329.7699939728476,349.5898743899278
大潮,3992,2026-06-16 09:00:00,26.879598474517458,0.06710739473684212,31.315760273972604,76.4020984607077,6486.475066105345,6498.1796556885265,27.552069312167326,0.44075855503527983,593714.9072310051,206.8113902328817,242.2118851778943,284.614301276563
大潮,3993,2026-06-16 10:00:00,26.87988738992283,0.03552844736842103,31.385760273972604,76.46451062617601,6456.798140504881,6473.521048158138,27.848902489906322,2.2747826824558985,539921.1115749966,235.59855145529497,162.1343820388702,258.8281072899077
大潮,3994,2026-06-16 11:00:00,26.886355205094347,0.0776337105263158,31.265760273972603,76.49330557507199,6508.655843036426,6487.783470427846,27.501725461103828,0.30119990919184336,626403.2666401841,201.2892005832752,266.5190732553191,300.3226056570925
大潮,3995,2026-06-16 12:00:00,26.89705023290718,0.11579160526315792,31.015760273972603,76.45760562891151,6519.796534147127,6515.1460400075475,27.370473187933946,0.10399792009437352,759981.4593495011,180.21853980237725,349.1130101279327,364.43868054537177
大潮,3996,2026-06-16 13:00:00,26.91294831494552,0.1539495,30.605760273972603,76.40907676589795,6520.653168415951,6520.588829389823,27.301624034230557,0.04826775887918143,900943.3286105682,148.6820992271923,426.21671382521566,432.16439306432534
大潮,3997,2026-06-16 14:00:00,26.93307360698879,0.17631792105263155,30.065760273972604,76.36668816676519,6515.366447221313,6517.98376432958,27.28565066282068,0.03338191176807616,986735.5923884549,135.2716817762029,469.7875898148709,473.49671888745974
大潮,3998,2026-06-16 15:00:00,26.954498579011595,0.17631792105263158,29.485760273972602,76.3399273395514,6507.605307467932,6511.353534198428,27.306588410231043,0.03335440643205339,986501.9637834108,135.1339628129546,469.87933553783887,473.5758085419677
大潮,3999,2026-06-16 16:00:00,26.97462098195689,0.14605476315789473,28.945760273972603,76.33487566931352,6496.7552008558705,6502.143218905258,27.376260631909393,0.055515148914750546,870133.4065424079,153.65666013831623,410.82742971075885,417.8709451668142
大潮,4000,2026-06-16 17:00:00,26.988561599995236,0.09210739473684211,28.5957602739726,76.36170663393801,6479.022834023338,6488.616709341329,27.536430950243886,0.190848512754131,675309.4039088422,195.03861747073134,298.9492715497431,324.3943812655312
大潮,4001,2026-06-16 18:00:00,26.995344588909017,0.03158107894736842,28.465760273972602,76.45764257641393,6428.65343374223,6459.298268508024,28.02096655978592,3.05863739004464,539442.4346274743,240.79545773280861,151.02520643820415,259.1619300414111
大潮,4002,2026-06-16 19:00:00,26.99301826157859,0.08947581578947368,28.615760273972604,76.51826236358232,6502.79885029949,6474.28148161417,27.55340569583057,0.20691885650041256,666078.9004307833,196.26906303121038,293.193033941942,319.98728021424773
大潮,4003,2026-06-16 20:00:00,26.98548598830168,0.11710739473684212,28.925760273972603,76.4988945165664,6512.816392110275,6508.216992385499,27.4544369415876,0.10094248350800908,763733.944468745,178.79242096648233,352.10834487850843,366.8490706298275
大潮,4004,2026-06-16 21:00:00,26.976325858409147,0.12368634210526316,29.285760273972603,76.47004874692516,6511.797008916427,6512.238090754272,27.4280540329441,0.08712561377052892,787088.8672753803,172.3435201749808,365.66152762277187,378.0019726131158
大潮,4005,2026-06-16 22:00:00,26.96716427542708,0.10921265789473683,29.645760273972602,76.45071849074716,6504.761729499593,6508.2010441167595,27.45829056832874,0.12152896426329242,737018.4698884503,187.0129057444065,335.552225102119,353.8943555406998
大潮,4006,2026-06-16 23:00:00,26.96157932868785,0.08158107894736844,29.895760273972602,76.45372659333525,6492.241672784672,6498.723784009614,27.555831306346345,0.26384523964076356,638923.6545311847,199.46682194170796,275.5872918239258,306.75983663134446
大潮,4007,2026-06-17 00:00:00,26.95924573591349,0.05263371052631581,30.045760273972604,76.49146067672471,6474.116651965893,6483.990958022857,27.736992141103453,0.8315466523386406,557430.6407210245,217.29352028696258,207.2940154717605,267.62166000856763
大潮,4008,2026-06-17 01:00:00,26.960814057729568,0.03816002631578948,30.0757602739726,76.5620007921434,6464.838524300749,6470.072688472261,27.89377486191079,1.9016169403422798,539928.1890424311,232.38429422204376,169.50561346351196,259.22642265072363
大潮,4009,2026-06-17 02:00:00,26.966609573794802,0.05658107894736842,29.975760273972604,76.60405557165247,6496.040407856235,6482.157861804899,27.71382413577729,0.6911773444325149,566059.9368951638,214.35010744210075,217.09174120340737,271.8023081507841
大潮,4010,2026-06-17 03:00:00,26.972728911189993,0.055265289473684205,29.865760273972604,76.61507472476082,6495.025850257021,6495.325020013247,27.73043839673244,0.7348756343394666,563103.6624021253,215.390231862051,213.8597955916073,270.4140100118715
大潮,4011,2026-06-17 04:00:00,26.978196225705002,0.03552844736842106,29.7757602739726,76.65318007482433,6471.487907075259,6483.833444622879,27.94859056152107,2.28392935094938,539849.8791895789,236.08484391600228,162.2431333567484,259.27379510913727
大潮,4012,2026-06-17 05:00:00,26.979433425389725,0.06184423684210526,29.815760273972604,76.66880143342449,6509.489980397532,6493.372490780051,27.688653531523922,0.5490335573443653,578992.8320277458,210.69804262720615,229.89109967239182,278.07947650598953
大潮,4013,2026-06-17 06:00:00,26.975139385067948,0.10131792105263158,30.0257602739726,76.62123049473709,6527.697279490024,6520.182420929067,27.493370980355525,0.14908357006832043,709139.5367731627,192.11770669009877,318.82132735169245,340.5589342371618
大潮,4014,2026-06-17 07:00:00,26.966615227304903,0.1289495,30.365760273972604,76.55434323824056,6528.560781005849,6528.3775515609295,27.40674239585847,0.0780681209167618,806453.283358685,167.99162285112214,376.3912244206094,387.23087947516944
大潮,4015,2026-06-17 08:00:00,26.95548735563419,0.12763371052631578,30.785760273972603,76.49683101994633,6520.587558327235,6524.400102882271,27.39824043140118,0.08014075860128138,801657.0706926449,168.94240294402638,373.6736769514932,384.8471530186987
大潮,4016,2026-06-17 09:00:00,26.947285545201222,0.09868634210526314,31.115760273972604,76.46582917292639,6505.623241243491,6513.15282698638,27.473031200818085,0.1593179842967866,699552.19896196,192.7666349962716,313.10446069201913,335.7783037034561
大潮,4017,2026-06-17 10:00:00,26.943310918573506,0.05921265789473684,31.315760273972604,76.47865663691157,6481.425448039681,6494.557827010678,27.66878268399101,0.6121935907047131,572181.0273581094,212.16161285640663,223.47796818220675,274.62079650747387
大潮,4018,2026-06-17 11:00:00,26.944864598319306,0.04210739473684206,31.3457602739726,76.53492382563957,6469.462191283158,6476.128112693629,27.82907415638898,1.47862173761244,542300.5339527059,227.5909211635758,180.1400918103851,260.2871445834462
大潮,4019,2026-06-17 12:00:00,26.9516213021697,0.07894949999999999,31.215760273972602,76.55294052677347,6508.624895300752,6492.356244041621,27.56009000970422,0.2884459726129964,630333.88563749,200.81822223783206,269.63700455956354,302.5789097728067
大潮,4020,2026-06-17 13:00:00,26.96227990495374,0.11842318421052635,30.965760273972602,76.51709645950957,6519.866804229978,6515.207184749571,27.428266463910173,0.09802413894382832,768606.6668303513,177.62399211341764,354.76687257263296,369.02808069492824
大潮,4021,2026-06-17 14:00:00,26.978792091177148,0.15526528947368423,30.535760273972603,76.46927630918633,6520.087125213828,6520.288151324006,27.364881144813136,0.047217598486805075,905380.0090805417,147.8658310176153,429.05598314025696,434.8319006825959
大潮,4022,2026-06-17 15:00:00,26.998555611800136,0.17500213157894737,30.0057602739726,76.42855474729672,6514.559188950953,6517.276508003048,27.35277615572161,0.03410326982614146,981033.5047518376,136.01924476256323,467.53567534726517,471.34211807943325
大潮,4023,2026-06-17 16:00:00,27.019944060686456,0.17368634210526315,29.425760273972603,76.4036375907373,6506.843939757931,6510.571339475602,27.375595141698696,0.03478199132667833,975734.3283501702,136.5974416271214,465.09043038318185,468.9853606172456
大潮,4024,2026-06-17 17:00:00,27.039379345895075,0.1381600263157895,28.905760273972604,76.4015018272724,6494.939710610838,6500.906117861933,27.456557884914165,0.06456425314665006,839726.2171553446,159.60950953588477,395.2701304063252,403.76136579516486
大潮,4025,2026-06-17 18:00:00,27.05198225161536,0.08158107894736842,28.5957602739726,76.43494027005686,6474.606141167541,6485.813424201629,27.644224064570512,0.2635703655807498,638235.2658682889,199.54565516438439,275.7847269972976,306.9525220792076
大潮,4026,2026-06-17 19:00:00,27.057427495583703,0.04210739473684211,28.5057602739726,76.52003514586853,6448.856429360274,6463.897693635525,27.938283194432437,1.4772903032255402,541393.0891309463,227.6545112659521,180.2826895551722,260.40407850236153
大潮,4027,2026-06-17 20:00:00,27.0537633906993,0.09605476315789474,28.695760273972603,76.5631548967224,6503.6626961079855,6481.706037633441,27.588389750735963,0.1715067368865798,689235.4153062386,193.94336580550168,307.6954992845446,331.4916574243204
大潮,4028,2026-06-17 21:00:00,27.045869150181485,0.1184231842105263,29.015760273972603,76.54532100922863,6511.061570817856,6507.566195541486,27.5109017833199,0.09803744448820303,767816.5140605343,177.49368870241824,355.0186131901446,369.23062775788145
大潮,4029,2026-06-17 22:00:00,27.036672301444842,0.11973897368421052,29.375760273972602,76.52179048962103,6509.090848596889,6509.983045626261,27.498109849196553,0.09512583523127871,772494.4323210433,176.1266443425154,357.7146501119202,371.41565761009576
大潮,4030,2026-06-17 23:00:00,27.02844980996951,0.10263371052631579,29.705760273972604,76.50930102081954,6501.5853115394275,6505.298775334001,27.539980314126073,0.14359521791850108,713495.5490946887,191.6215647085099,321.77392941779436,342.9957193402512
大潮,4031,2026-06-18 00:00:00,27.02347864123641,0.07631792105263159,29.9357602739726,76.5192529623839,6489.4488889403,6495.777794610415,27.64314178257594,0.31500001234440483,621157.8558019985,202.1267192607177,263.81028034552406,298.5785873610123
大潮,4032,2026-06-18 01:00:00,27.021758793954096,0.04473897368421054,30.065760273972604,76.56854870163635,6466.243320270518,6479.0858161084425,27.875290819359034,1.2663853343201896,544524.9671217914,224.87271833942202,187.18594672768435,261.73414045159285
大潮,4033,2026-06-18 02:00:00,27.024591390702252,0.04342318421052633,30.055760273972602,76.63617703188869,6475.370790122577,6471.30804088496,27.893859625719397,1.369462170577103,543265.5747777434,226.4133459721952,183.73021999125058,261.14275708631294
大潮,4034,2026-06-18 03:00:00,27.03035002535301,0.055265289473684205,29.955760273972604,76.66956502825114,6494.862302690007,6485.834826573567,27.787716489344415,0.7356489864358758,562815.2987175481,215.5457288568636,213.95072232454692,270.56954125696626
大潮,4035,2026-06-18 04:00:00,27.036107167908916,0.05263371052631578,29.855760273972603,76.68419805365845,6493.043698755417,6493.791800490282,27.81559199315464,0.8351033875447904,557348.9912335224,217.7168317234988,207.41055539029196,267.9707770372946
大潮,4036,2026-06-18 05:00:00,27.04121225514642,0.03026528947368421,29.7757602739726,76.73342632987591,6463.147374314887,6479.114437939475,28.093932398379522,3.4236622697082066,540057.4547926155,242.83726637716182,147.2308795224624,259.68211779462496
大潮,4037,2026-06-18 06:00:00,27.04143663319924,0.06447581578947369,29.8457602739726,76.74834935759817,6514.729127763543,6493.668764263702,27.732892132975447,0.4931640222084553,585752.409302631,209.1682430846827,236.286891432591,281.65534845892125
大潮,4038,2026-06-18 07:00:00,27.03743086271572,0.10131792105263156,30.045760273972604,76.69347449119917,6529.298020603069,6523.2811813819535,27.55552167548005,0.14928688049978872,708716.5273303785,192.2861331671711,318.9851233427265,340.7560937104067
大潮,4039,2026-06-18 08:00:00,27.028544380474607,0.12500213157894735,30.395760273972602,76.62477358943553,6528.675647916478,6529.147007729059,27.47795706396575,0.08497785404211775,791582.8891156246,171.61602937132508,368.5250304281854,380.5349977908547
大潮,4040,2026-06-18 09:00:00,27.018680556801673,0.11579160526315792,30.7757602739726,76.5700713405755,6518.13621128735,6523.207946757469,27.491499151121907,0.10419734623065856,758980.5590855958,180.3262423550322,349.47178558874157,364.7942601916622
大潮,4041,2026-06-18 10:00:00,27.01206804299105,0.0881600263157895,31.055760273972602,76.54531122872312,6502.6486996423555,6510.504711772438,27.577810057613775,0.21530086698888182,661326.4979002995,196.8467874851066,290.33978930569174,317.818423180223
大潮,4042,2026-06-18 11:00:00,27.00903211872657,0.05131792105263157,31.225760273972604,76.56701357331258,6476.514607625991,6490.79257492625,27.79850891073055,0.8892234533968666,554729.2614961198,218.59887723724975,204.063174921974,266.57495063727424
大潮,4043,2026-06-18 12:00:00,27.01152446853078,0.0434231842105263,31.225760273972604,76.62294715501922,6475.140252008957,6476.269648629554,27.880846852979932,1.3690807211367029,543319.8132947551,226.37352732943774,183.7132490881657,261.1044249854555
大潮,4044,2026-06-18 13:00:00,27.01759340531594,0.07631792105263156,31.115760273972604,76.63486910545095,6509.444279880957,6494.941999705119,27.63915547068113,0.3159244179766162,621366.0748068045,202.293315667628,263.7981290221074,298.6454972697559
大潮,4045,2026-06-18 14:00:00,27.02821477070336,0.11710739473684213,30.865760273972604,76.5958378588497,6521.483659488307,6516.559375745538,27.497614518086674,0.10115323059509221,763502.9476135782,179.07619726452754,352.2357850650063,367.03393748784737
大潮,4046,2026-06-18 15:00:00,27.04436440631516,0.1513179210526316,30.445760273972603,76.54534184231284,6520.846388067568,6521.423412888388,27.437343713644754,0.050692385230251595,889702.66892846,150.58598642166803,421.5204069326402,427.8315644543875
大潮,4047,2026-06-18 16:00:00,27.063440063130724,0.1697389736842105,29.9357602739726,76.50311614362955,6515.085608367067,6517.914652272266,27.42529888509141,0.03709965975539784,960157.0069695265,139.00637427907986,457.64170509672914,461.8773384164324
大潮,4048,2026-06-18 17:00:00,27.084140616000578,0.16316002631578946,29.375760273972602,76.47821169804698,6506.3390006347445,6510.565946723386,27.45576694533451,0.04126337927061647,934630.0001781427,142.6993794393476,444.9336911916801,449.7736178815515
大潮,4049,2026-06-18 18:00:00,27.101586849132538,0.12368634210526316,28.9157602739726,76.4788068533142,6492.94117955193,6499.747499745589,27.55153409826331,0.08706612256700678,785847.1017439195,172.00666079112744,366.0537648584465,378.29928969786766
大潮,4050,2026-06-18 19:00:00,27.11252595157315,0.06842318421052632,28.655760273972604,76.52000458481572,6469.241009739797,6482.521472532837,27.773986355451807,0.41952278305062873,596075.7994151566,206.47270837906296,245.73508578220986,287.0045481015281
大潮,4051,2026-06-18 20:00:00,27.11630736011045,0.05263371052631579,28.615760273972604,76.5948085128831,6466.023719195972,6468.263725605153,27.892216926706805,0.832978124352197,556543.895583375,217.6345406064083,207.5323635181163,267.9894919830963
大潮,4052,2026-06-18 21:00:00,27.11162994959807,0.10000213157894738,28.835760273972603,76.62072482794076,6505.4696721660985,6489.004758075908,27.632048872805424,0.15423434515962967,703247.3351379387,192.73022429913735,316.35782935255867,338.60083643112415
大潮,4053,2026-06-18 22:00:00,27.103698214242215,0.11710739473684209,29.155760273972604,76.60186928853274,6510.3876561427305,6507.999641034581,27.57200591099421,0.10111657404636315,762746.5181143516,178.8739184871524,352.4612403962425,367.19354536567243
大潮,4054,2026-06-18 23:00:00,27.094789119541563,0.11316002631578949,29.5057602739726,76.58165386699595,6506.979795034308,6508.576583897054,27.573918761474836,0.11078649322893526,749216.3944748346,182.8935456423662,344.2021489674679,360.61927554346505
大潮,4055,2026-06-19 00:00:00,27.087830192930753,0.09210739473684211,29.795760273972604,76.57602661074708,6497.730905271378,6502.38741671752,27.636816002494342,0.1917389620487788,674772.8665359189,195.44229896484245,299.1899067557651,324.7447611846184
大潮,4056,2026-06-19 01:00:00,27.084122557007255,0.06710739473684212,29.985760273972602,76.59545872893504,6485.074442886491,6491.755739961533,27.755400880573408,0.4423369852283359,592578.5602632856,207.33949591307214,242.59063737194518,285.1675121903723
大潮,4057,2026-06-19 02:00:00,27.08334092953137,0.03816002631578948,30.085760273972603,76.65674083573343,6460.125251480359,6474.000486243239,28.014856134301276,1.9047198798762883,539297.7968192681,232.67727521606358,169.64924741931569,259.5232931785919
大潮,4058,2026-06-19 03:00:00,27.08678643310214,0.04473897368421054,30.055760273972602,76.72333370623801,6481.486131327946,6471.747344482097,27.941810457821447,1.2707804341798017,544513.4284360772,225.24085593822505,187.27251041100897,262.05024529368393
大潮,4059,2026-06-19 04:00:00,27.092182099675888,0.055265289473684205,29.965760273972602,76.74713859335074,6497.37231293665,6489.9005513631955,27.849476918047998,0.7367690022178729,562543.818742425,215.74181361273716,214.04842061891068,270.75508463364434
大潮,4060,2026-06-19 05:00:00,27.098226804112507,0.05131792105263157,29.855760273972603,76.75837318995077,6493.434718842965,6495.233616073035,27.889149675537237,0.8929488720747242,554569.1642991297,219.03689843053584,204.19581607092402,266.9473432059834
大潮,4061,2026-06-19 06:00:00,27.102643578369886,0.0289495,29.795760273972604,76.80806624938805,6462.195811024877,6478.917249259957,28.178320435503394,3.8308204827200996,540258.6739209635,244.65317960970847,143.3962513167048,260.08056150839013
大潮,4062,2026-06-19 07:00:00,27.103155454406718,0.06184423684210526,29.855760273972603,76.82411537476163,6514.66928340097,6493.191006678225,27.81225256229209,0.5507183383033575,578405.5770388083,211.08323812381278,230.10546506001793,278.44717767480637
大潮,4063,2026-06-19 08:00:00,27.099437149988002,0.09605476315789474,30.045760273972604,76.76963266370092,6529.13520263813,6523.11480576849,27.635928857573592,0.17231553870097552,689071.7604950086,194.25992681322933,307.81038687268716,331.6990849832982
大潮,4064,2026-06-19 09:00:00,27.091488663847127,0.11447581578947372,30.365760273972604,76.70280948066433,6527.426084797344,6528.3503677891895,27.568370213922073,0.10773392752472843,754010.759848676,182.0443533482394,346.94303753250176,362.90430116076266
大潮,4065,2026-06-19 10:00:00,27.083213366329336,0.1026337105263158,30.695760273972603,76.65242812296839,6515.701381259867,6521.374767790039,27.595609023073195,0.1440465372398078,713182.9237194866,191.86565218279296,321.91971936150406,343.2002428249119
大潮,4066,2026-06-19 11:00:00,27.078189346813065,0.07763371052631575,30.925760273972603,76.63373230134968,6499.862398454378,6507.931879250965,27.691820060661648,0.30185799468303004,625188.8639365898,201.70784583358562,266.92056533613766,300.8268895819351
大潮,4067,2026-06-19 12:00:00,27.076091323066475,0.046054763157894724,31.065760273972604,76.66157028809258,6474.246576393092,6488.189470677574,27.916222602169764,1.1777594861724459,546047.2555582415,223.75417794442257,190.69105953086662,262.73530298561616
大潮,4068,2026-06-19 13:00:00,27.07887097963163,0.0434231842105263,31.055760273972602,76.71529138372436,6479.295843874585,6477.208316784832,27.94828908080632,1.3716440910412864,543096.9094938731,226.61522218712832,183.80076607664213,261.32944424708325
大潮,4069,2026-06-19 14:00:00,27.084576629440324,0.07500213157894739,30.955760273972604,76.7203776005744,6511.520173868103,6497.842124367603,27.712926090484455,0.3312887025965704,616783.0433282102,203.16070503184022,260.92684802881087,296.8180206319579
大潮,4070,2026-06-19 15:00:00,27.095159957036195,0.11316002631578947,30.705760273972604,76.67793193855931,6522.47250158825,6518.007973797423,27.575418232648715,0.11105018397891869,749439.5558990127,183.31631967522102,344.2032246553212,360.72921803920644
大潮,4071,2026-06-19 16:00:00,27.110295680190568,0.14210739473684209,30.315760273972604,76.62635626710029,6520.9265033287875,6521.881466706497,27.520732767882595,0.06014762713004748,854157.279430211,157.262072164391,403.4379326417058,411.2508623674097
大潮,4072,2026-06-19 17:00:00,27.128032111837587,0.15658107894736842,29.8457602739726,76.5842890569327,6514.906290064256,6517.8474120196115,27.511011443403223,0.04623253304338228,909030.1849297605,147.03904450724653,432.2177222342855,437.817325528231
大潮,4073,2026-06-19 18:00:00,27.146742845879803,0.14605476315789476,29.3457602739726,76.56060428482023,6505.483231290015,6510.048488711233,27.548308698520444,0.05575645524031797,868667.2695413948,154.03163043571595,411.45204203634205,418.52539591725116
大潮,4074,2026-06-19 19:00:00,27.161873947512234,0.10658107894736843,28.955760273972604,76.56463224802384,6490.682655621035,6498.291098491955,27.659249690812896,0.12990061814288537,726712.8610603554,189.90527220028255,330.5332371610282,350.2317820471265
大潮,4075,2026-06-19 20:00:00,27.17082316773623,0.05000213157894737,28.7557602739726,76.6197922725746,6457.402729855726,6476.597837573549,27.969234323308832,0.9513602677947872,551306.2857535706,220.00906694121826,200.9697879683513,265.74139760353745
大潮,4076,2026-06-19 21:00:00,27.17196410045672,0.06447581578947369,28.795760273972604,76.68553063131463,6483.9343903560875,6472.109879184939,27.859553285702216,0.4920578133951898,584695.6046956797,209.20713711418858,236.52134426978932,281.841848880024
大潮,4077,2026-06-19 22:00:00,27.166923149255304,0.09868634210526317,29.0257602739726,76.69248306170535,6507.441830159283,6497.050365611925,27.691864718784725,0.15999178436395584,698063.374537823,193.3332937533042,313.66970084192985,336.4566086899409
大潮,4078,2026-06-19 23:00:00,27.15960368448751,0.11052844736842105,29.3257602739726,76.67175323280901,6510.145363788057,6508.794826087468,27.646390078661497,0.11819283442827642,739924.4686088552,185.93784935754718,338.8655507333591,356.58365918552767
大潮,4079,2026-06-20 00:00:00,27.151632109736546,0.1026337105263158,29.645760273972602,76.6539749310394,6505.153918786403,6507.542612771974,27.662917253483894,0.14399008689266718,712653.2650290126,191.95719399125423,322.10212975373656,343.38934386911825
大潮,4080,2026-06-20 01:00:00,27.146261233424347,0.08289686842105265,29.885760273972604,76.65297157933064,6495.571375334857,6500.425681457728,27.733833918448283,0.25386753953358104,642264.0456059679,199.3770570918551,278.94450853920364,309.44111054798253
大潮,4081,2026-06-20 02:00:00,27.143165773330168,0.06052844736842106,30.055760273972602,76.67739988058027,6482.974300790399,6489.636062015892,27.85806206764342,0.5802739568423597,574437.0354056737,211.77697015001556,227.00229477058537,276.74602920880113
大潮,4082,2026-06-20 03:00:00,27.143321571104423,0.031581078947368425,30.125760273972602,76.7492722064376,6452.403419219772,6469.507485586193,28.17127348722925,3.077520198688251,539304.8065895066,241.5000000001673,151.17499717664694,259.82117182759794
大潮,4083,2026-06-20 04:00:00,27.147379187430726,0.04605476315789475,30.0757602739726,76.81438294281676,6488.376983092745,6472.376153911082,27.98880379099556,1.1817881324865767,545973.6077488076,224.12311944649676,190.78830902303648,263.0541975326931
大潮,4084,2026-06-20 05:00:00,27.152411092350018,0.055265289473684205,29.995760273972603,76.82693097846622,6500.485368261136,6494.676377126493,27.90971042108942,0.7379328771471491,562288.2605725523,215.94004429199083,214.1437123133458,270.9405154329334
大潮,4085,2026-06-20 06:00:00,27.15874256557992,0.05263371052631578,29.875760273972602,76.83042032695586,6496.866787496127,6498.519610881573,27.937950109378832,0.8374813659386812,556810.3832181063,218.0965768098222,207.59689944770287,268.3331295483634
大潮,4086,2026-06-20 07:00:00,27.163120796195383,0.03026528947368421,29.815760273972604,76.87194322519098,6465.886483539957,6482.383517468872,28.2153126506268,3.4327928898970668,539646.0121532915,243.25170590291012,147.35037632120358,260.0829773393305
大潮,4087,2026-06-20 08:00:00,27.163919378110094,0.05658107894736842,29.865760273972604,76.89132095462128,6510.576703655444,6491.77881490668,27.911632263808173,0.6952206664516968,565269.5068332286,215.04322151717238,217.40960377755584,272.43636585520295
大潮,4088,2026-06-20 09:00:00,27.161138310076495,0.08552844736842104,30.0257602739726,76.84569455260983,6525.899743462276,6519.357432842039,27.73949584789837,0.23480841580939546,651391.4674984674,198.52378254031638,284.8533582587338,313.92704119524296
大潮,4089,2026-06-20 10:00:00,27.15477759084783,0.09868634210526317,30.295760273972604,76.78669289888829,6524.151259627208,6525.032009957681,27.681102943619045,0.1603654760299837,698235.3455760492,193.43249221255718,313.6383670334072,336.4621485121349
大潮,4090,2026-06-20 11:00:00,27.148740590789217,0.08816002631578947,30.555760273972602,76.7436684655911,6512.711514433843,6518.253522991098,27.71471856605575,0.21616404589105712,660518.8320018484,197.27971723391332,290.65921113425173,318.2511472188183
大潮,4091,2026-06-20 12:00:00,27.144978994461052,0.06710739473684212,30.745760273972603,76.73172842070986,6497.118531125876,6505.0656770363275,27.817154006270613,0.4436382788145377,592373.6055509249,207.61896549990493,242.70367113324136,285.3971053254322
大潮,4092,2026-06-20 13:00:00,27.144143362554164,0.04079160526315788,30.8457602739726,76.76546393086231,6472.232104951961,6485.687390559437,28.043239039088853,1.6107476135968026,540501.1747014744,229.73294860660025,176.8686958194029,260.40159535251126
大潮,4093,2026-06-20 14:00:00,27.146884255760188,0.04210739473684212,30.835760273972603,76.81715116310774,6482.840335857208,6478.071202574105,28.031516885839142,1.4871630777940412,541667.9739324512,228.33284023672354,180.39625331733802,260.97726683314255
大潮,4094,2026-06-20 15:00:00,27.152225829933624,0.07237055263157893,30.745760273972603,76.8153381067659,6514.023720604792,6500.769206311009,27.794867437993876,0.36462559642695463,608179.9505018119,204.76304571304067,255.0032520357322,293.0525553647961
大潮,4095,2026-06-20 16:00:00,27.16244505060567,0.10526528947368423,30.5057602739726,76.76948836437263,6523.209376318072,6519.452187112623,27.666470315737996,0.13496247846565862,722408.0791305994,191.28097591593018,327.7409489218974,348.16089982445004
大潮,4096,2026-06-20 17:00:00,27.17591551169725,0.12763371052631578,30.1657602739726,76.71738283746768,6520.797540575886,6522.106262893762,27.617842624204457,0.08045465226665299,799817.5629831653,169.20048578269885,374.38372023722116,385.5663035634346
大潮,4097,2026-06-20 18:00:00,27.191661369065283,0.13816002631578947,29.7557602739726,76.67573671405674,6514.700921675494,6517.66876197812,27.609544341922987,0.06493270594232481,838564.2018347101,160.24302149013576,395.79687166755923,404.3653446616043
大潮,4098,2026-06-20 19:00:00,27.207730935664728,0.12368634210526316,29.335760273972603,76.65386890111516,6504.128454283422,6509.27762658806,27.658037002236554,0.0873785372093371,785093.9765624396,172.41864788954794,366.3870823366434,378.6966216869752
大潮,4099,2026-06-20 20:00:00,27.219895557678218,0.08552844736842104,29.035760273972603,76.66352570422731,6486.903477064782,6495.90300989183,27.79458270020339,0.23366545935211036,650746.425417249,198.3429732390306,284.9875173414602,313.9653061284638
大潮,4100,2026-06-20 21:00:00,27.226528829029913,0.03421265789473685,28.905760273972604,76.7376718539534,6442.372615482065,6468.542794291384,28.210675851836328,2.5145490683682588,538469.6148248082,238.32072508605415,158.80963938884298,259.8278233440882
大潮,4101,2026-06-20 22:00:00,27.22600434364479,0.07237055263157895,28.995760273972603,76.7944760119211,6499.166138031862,6475.900298412038,27.866843252224353,0.36429507628184654,607614.8066873935,204.816846514681,255.1494798160922,293.1895492161154
大潮,4102,2026-06-20 23:00:00,27.220599067059702,0.09868634210526317,29.235760273972602,76.77914098747948,6512.650539670033,6506.5060292434455,27.7457227522995,0.16027237350131207,697723.956001085,193.50880364824073,313.80828554101646,336.6350191122367
大潮,4103,2026-06-21 00:00:00,27.21356580771509,0.10394950000000001,29.5257602739726,76.75096214869936,6511.443874573176,6511.955139024899,27.720735235619433,0.13945618071566945,717113.2218387311,191.73638502343442,325.07776095205355,345.94377364893535
大潮,4104,2026-06-21 01:00:00,27.206856250181843,0.09210739473684211,29.805760273972602,76.73305020076056,6503.930827430675,6507.599313424017,27.755825430304604,0.19233108626118736,674028.717261538,195.7947154240261,299.47917738008243,325.1179816725585
大潮,4105,2026-06-21 02:00:00,27.202747359999254,0.07237055263157896,30.0057602739726,76.73650308429991,6492.879354877153,6498.535081481822,27.843097650884346,0.36379423058033,607688.7419848507,204.69683005989566,255.10335836936534,293.0960603049531
大潮,4106,2026-06-21 03:00:00,27.200913854966714,0.05131792105263157,30.135760273972604,76.76901669741812,6478.604058302619,6486.205791939723,27.989504076535948,0.8926755219160776,553838.6110863179,219.15170554223397,204.34883668466478,267.1141765974039
大潮,4107,2026-06-21 04:00:00,27.202006295787196,0.0289495,30.175760273972603,76.8467091838507,6452.765054372249,6467.038227382643,28.27552036902578,3.832892260376954,539707.0762009508,244.87329053399174,143.49047409619263,260.30397891335554
大潮,4108,2026-06-21 05:00:00,27.20569940026171,0.04737055263157894,30.135760273972604,76.90225812947823,6494.938738727038,6476.432834126154,28.03400439652227,1.1011141972067615,547618.3024896701,223.0420415399359,194.27776837832695,264.1380869638972
大潮,4109,2026-06-21 06:00:00,27.21134260522451,0.05921265789473687,30.035760273972603,76.89951987117105,6506.747095314447,6501.161732000522,27.93807700144253,0.6175825719031505,571131.8113496376,213.15153885193197,223.9263379020458,275.50903673430093
大潮,4110,2026-06-21 07:00:00,27.217960066543057,0.055265289473684205,29.905760273972604,76.89187328751802,6500.14848211372,6503.244135478781,27.974846724892117,0.7387879586311614,561955.7207102467,216.11504067179987,214.24756315321406,271.11655665468066
大潮,4111,2026-06-21 08:00:00,27.2226242542801,0.03684423684210524,29.835760273972603,76.9173229054426,6477.323666866863,6489.202758751242,28.17340353141573,2.0935442961366486,538863.047207112,235.05053754370633,166.1828915010936,259.99842970829286
大潮,4112,2026-06-21 09:00:00,27.22468460527233,0.046054763157894724,29.8457602739726,76.9455375472203,6496.8079365418935,6488.029671214556,28.066661791355564,1.1849553069274323,545767.8729716603,224.4405758709509,190.89393302644632,263.3402502348421
大潮,4113,2026-06-21 10:00:00,27.22316527538967,0.07237055263157893,29.965760273972602,76.92228289713049,6519.756625195033,6509.866005372624,27.866001082451085,0.365412705331832,607826.9284373461,205.00287473681544,255.14384828757443,293.27612604264715
大潮,4114,2026-06-21 11:00:00,27.218716825340803,0.08158107894736844,30.175760273972603,76.87653920332416,6519.142489441227,6519.407194996013,27.814164340170162,0.2661663277340037,637555.313518289,200.36511380409547,276.14994988612676,307.5941274263087
大潮,4115,2026-06-21 12:00:00,27.214917344543537,0.07368634210526318,30.365760273972604,76.84368685924878,6509.068089018383,6513.937917874457,27.849484091880054,0.3478327061806387,611855.4292657439,204.17038523610225,258.16663088292034,295.17374569139685
大潮,4116,2026-06-21 13:00:00,27.212417393708197,0.0578968684210526,30.515760273972603,76.83854264348716,6495.105857911155,6502.182482219515,27.947857017046143,0.6538027157190708,567832.1697793932,214.004349997173,220.71749980941613,273.92289536278963
大潮,4117,2026-06-21 14:00:00,27.21251809548111,0.03816002631578945,30.585760273972603,76.87310677269637,6474.260200626558,6485.3358410829105,28.14504632986267,1.9132390723700299,539043.2867637823,233.23376770110744,169.80106613969718,260.03560096808116
大潮,4118,2026-06-21 15:00:00,27.214894167671464,0.039475815789473664,30.585760273972603,76.9208078166285,6484.335672675617,6479.762380689598,28.1315714471264,1.7571797394592121,539716.4517660388,231.69562371494618,173.39736237452692,260.372057040301
大潮,4119,2026-06-21 16:00:00,27.21987089002446,0.06579160526315787,30.5057602739726,76.91733333885684,6514.361446086564,6501.474080075596,27.901742561112055,0.46919431883333845,588424.0072273099,208.8016045741118,239.73301228954716,283.89650715414376
大潮,4120,2026-06-21 17:00:00,27.22874938518888,0.09210739473684211,30.305760273972602,76.87185854596198,6522.848995203671,6519.293111239553,27.779193754503122,0.19296191792730635,674000.1474355847,196.0037986948042,299.53247295189846,325.23907653287966
大潮,4121,2026-06-21 18:00:00,27.240228528073622,0.11184423684210529,30.0257602739726,76.81944222318342,6521.359879845355,6522.238120984381,27.72363079456359,0.11486260434445485,743837.5872663782,184.89835115019275,341.86335364157856,359.0172605170934
大潮,4122,2026-06-21 19:00:00,27.253983036491164,0.11710739473684212,29.675760273972603,76.7776388647224,6514.365463227995,6517.7354704361205,27.721975749262338,0.10144631418429811,761581.4738331083,179.1648275372995,352.9113477155025,367.67729767836295
大潮,4123,2026-06-21 20:00:00,27.266760099546513,0.09868634210526316,29.355760273972603,76.75895959322197,6501.663983762292,6507.924857706661,27.79080918862037,0.1601350003945862,697349.4870360218,193.53954097355611,313.9276094745753,336.7488684826316
大潮,4124,2026-06-21 21:00:00,27.27595746828067,0.06447581578947369,29.145760273972602,76.77757805669602,6481.26192267314,6492.100940673993,27.962721108251763,0.4927955662588632,584103.058407236,209.45725597794893,236.70862639031813,282.11156673634264
大潮,4125,2026-06-21 22:00:00,27.28027401760583,0.03947581578947368,29.085760273972603,76.84294883047446,6460.97161476537,6472.26583058356,28.193443950522724,1.7533512222822702,538936.4717474104,231.5832635209964,173.47644988477407,260.31820732831716
大潮,4126,2026-06-21 23:00:00,27.27808334146741,0.07763371052631579,29.225760273972604,76.87168282117291,6506.8069626503375,6487.809332520025,27.89138337152346,0.30327327688064515,624053.8933737254,202.28932835139207,267.3408097330172,301.41927511308467
大潮,4127,2026-06-22 00:00:00,27.2729635292931,0.09473897368421053,29.455760273972604,76.84760738183674,6513.279298243573,6510.214232977995,27.812304082095512,0.1788920365587192,683068.9455037771,195.0510589016189,305.38750422134734,329.89162729793634
大潮,4128,2026-06-22 01:00:00,27.266540984705877,0.09473897368421053,29.725760273972604,76.82063827174251,6509.845556864048,6511.441900181558,27.80562954357498,0.17877791638768908,683092.1143059073,195.0074411209804,305.3714665239434,329.8626370702461
大潮,4129,2026-06-22 02:00:00,27.2614179542323,0.08289686842105265,29.955760273972604,76.80694337101667,6501.8968975170355,6505.810191235597,27.8490099613664,0.2546404391753311,641597.5866691767,199.72807574828042,279.20061382219626,309.7949878306972
大潮,4130,2026-06-22 03:00:00,27.257919717626642,0.0657916052631579,30.135760273972604,76.81454092457966,6491.399580924128,6496.776666000917,27.937255503929226,0.46789755671693006,587960.7075746314,208.67470574834482,239.8027202584516,283.8776247074495
大潮,4131,2026-06-22 04:00:00,27.25702211657919,0.04473897368421051,30.235760273972602,76.85333746467681,6474.522739370188,6483.540200709984,28.110108527124304,1.2735017647858957,543605.7451341591,225.63545463836914,187.4996854156881,262.4578130494989
大潮,4132,2026-06-22 05:00:00,27.25872514987828,0.03421265789473685,30.2557602739726,76.9206699109866,6467.491176942042,6471.4335724477105,28.24614034608058,2.525115147828951,538927.4120750501,238.75639579002194,158.84443916765525,260.20747308278334
大潮,4133,2026-06-22 06:00:00,27.263028816313078,0.05131792105263157,30.195760273972603,76.95580631805491,6499.227725450276,6485.093046785399,28.05364984563753,0.8964458387766827,553864.5157075662,219.55686806661518,204.4415624661903,267.4412989582543
大潮,4134,2026-06-22 07:00:00,27.268957271770823,0.06316002631578947,30.085760273972603,76.94585959630632,6508.653666299954,6504.219990833345,27.9674145480078,0.5222703771858226,580907.9522996536,210.57687963167842,233.55308472355225,280.53114008424046
大潮,4135,2026-06-22 08:00:00,27.276185234074745,0.06316002631578947,29.9357602739726,76.93031506365872,6504.835896554842,6506.594915082525,27.974206514166,0.5220395933366985,580823.9921715596,210.557404720215,233.56589432577505,280.52904693904054
大潮,4136,2026-06-22 09:00:00,27.282110454275806,0.04737055263157894,29.8257602739726,76.93872666392161,6487.79240755073,6496.431298984698,28.109081533964904,1.1015081664312116,547135.4711750867,223.17075398712075,194.38469866760872,264.28771114716534
大潮,4137,2026-06-22 10:00:00,27.285431807296135,0.03552844736842106,29.795760273972604,76.98134170947162,6475.360632420429,6481.920163634914,28.254206449077024,2.2983762165295896,538625.276926202,237.03253332178272,162.58439205988986,260.1933491589479
大潮,4138,2026-06-22 11:00:00,27.28517344902629,0.05658107894736842,29.875760273972602,76.99602107284782,6507.963628986424,6493.772141168453,28.031910095848627,0.6964999733338365,564619.0878162413,215.34433871894066,217.60562285166017,272.74882508615786
小潮,4139,2026-06-22 12:00:00,27.283287064065977,0.06447581578947366,30.0057602739726,76.97275673312066,6511.757003847209,6509.870116292971,27.97314771120479,0.49513224622477464,584413.2241491472,209.78304547331746,236.72184273493593,282.3006162607907
小潮,4140,2026-06-22 13:00:00,27.28107377508055,0.06316002631578947,30.145760273972602,76.95061505007075,6507.285628353108,6509.393818573309,27.97932358358958,0.5222784925464873,580826.8295026433,210.59534787906586,233.57455910958248,280.5564304594459
小潮,4141,2026-06-22 14:00:00,27.27950942376861,0.0513179210526316,30.265760273972603,76.94820206523579,6494.767503833512,6501.023731651683,28.069514595262977,0.8961242130514224,553713.9530438117,219.5516582933695,204.46618570733938,267.45217799807745
小潮,4142,2026-06-22 15:00:00,27.280220413764773,0.03684423684210527,30.315760273972604,76.97921459851551,6478.200654924018,6486.842639266782,28.230719640448303,2.0960510656600015,538632.5882596965,235.22888931917177,166.24887660585196,260.17116036439506
小潮,4143,2026-06-22 16:00:00,27.28223090096377,0.03421265789473685,30.3257602739726,77.02687209458914,6480.840305713278,6479.780856280685,28.27133376375178,2.5310285138679283,539142.7583001619,239.00645876621346,158.86985982764597,260.42751499433524
小潮,4144,2026-06-22 17:00:00,27.28619144609913,0.055265289473684205,30.2757602739726,77.03070578766163,6511.904938120769,6498.373519433567,28.044002057614865,0.7410130983481724,561782.73861379,216.42931731437193,214.35582156926853,271.3839193088481
小潮,4145,2026-06-22 18:00:00,27.29340317184038,0.0776337105263158,30.125760273972602,76.98817759646889,6522.673515834387,6518.042987582064,27.908092949283827,0.30408730941635986,624095.6138920382,202.47211935713386,267.3730969717225,301.52704333912385
小潮,4146,2026-06-22 19:00:00,27.302890234084778,0.09210739473684214,29.905760273972604,76.93624406436116,6521.227334197056,6522.033292473349,27.85286642721886,0.19316977631075147,673501.856897625,196.17874788948953,299.71316245458064,325.45587470122445
小潮,4147,2026-06-22 20:00:00,27.3136767887304,0.09342318421052631,29.645760273972602,76.89557467035903,6513.590684772289,6517.254375283087,27.8578625666785,0.18582811711046557,678078.6785208747,195.6450316710114,302.6188009023799,327.7346132021858
小潮,4148,2026-06-22 21:00:00,27.32348586780582,0.07631792105263156,29.4157602739726,76.88035903578233,6499.409344904925,6506.455376963392,27.942610246258315,0.31719984105727034,619470.4568717596,202.99793234610016,264.43188361924587,299.46335496115665
小潮,4149,2026-06-22 22:00:00,27.33004050334045,0.04605476315789474,29.285760273972603,76.909844093144,6473.569699938007,6487.490685380391,28.168514933507577,1.183205515282189,544860.5314562779,224.4574589584754,191.03816123929178,263.42833054942776
小潮,4150,2026-06-22 23:00:00,27.332364851234885,0.050002131578947374,29.285760273972603,76.95552971840063,6486.406861245788,6480.617441135734,28.13323062599022,0.9583330654330003,551006.8440379696,220.7893600749729,201.20600187897213,266.4116971522359
小潮,4151,2026-06-23 00:00:00,27.32948306739058,0.0802652894736842,29.445760273972603,76.95193646892251,6513.0305774193985,6501.524470096062,27.93011686387966,0.2781798243020394,632438.0811021485,201.20913549700893,273.42337898428195,305.76695326000697
小潮,4152,2026-06-23 01:00:00,27.324322679320897,0.09079160526315788,29.675760273972603,76.91951641680346,6514.5074408310875,6513.754513920958,27.878862923423643,0.20058304767126708,668652.1269039352,196.68858255985666,296.87671068093096,323.24380926798074
小潮,4153,2026-06-23 02:00:00,27.318835371637274,0.0881600263157895,29.9157602739726,76.89163471720654,6509.395430026453,6511.829074914425,27.88375035519098,0.2167149269528438,659404.5865325878,197.68607322126235,291.0581751695161,318.74010435259567
小潮,4154,2026-06-23 03:00:00,27.314322267016816,0.07631792105263159,30.125760273972602,76.87964606514811,6500.861224745511,6505.086299091244,27.933626953966282,0.3172173156549,619537.4175712875,202.98733974409484,264.41283356343615,299.44363380601794
小潮,4155,2026-06-23 04:00:00,27.311759207169878,0.05921265789473684,30.2757602739726,76.89111147370107,6489.065482017772,6495.135691917701,28.036031816522303,0.617081288067111,570380.7759217813,213.23619654710413,224.0949998214786,275.67113592419054
小潮,4156,2026-06-23 05:00:00,27.311471471872473,0.03816002631578948,30.355760273972603,76.93866308262123,6469.04885690313,6479.825779907613,28.24263363667658,1.9153151356715363,538497.2760896146,233.45101137481555,169.91763490667026,260.26007778275397
小潮,4157,2026-06-23 06:00:00,27.314109621869065,0.04079160526315791,30.3457602739726,76.99437342063516,6482.557133060231,6476.364361878873,28.21342519425731,1.618278227185869,539955.8026187175,230.34841387954168,177.07963616757556,260.97806276753465
小潮,4158,2026-06-23 07:00:00,27.31902309403459,0.05921265789473684,30.265760273972603,77.00431739938386,6506.49779923147,6495.781172910315,28.045133531744746,0.61877869041765,570570.3495479457,213.43929448738845,224.10721491683438,275.80078228030953
小潮,4159,2026-06-23 08:00:00,27.326211887180026,0.07237055263157896,30.115760273972604,76.9812218067149,6512.629254767987,6509.79852375658,27.967841662660785,0.36570152694666624,607165.7012350932,205.20588184897463,255.34848334839106,293.53020115567625
小潮,4160,2026-06-23 09:00:00,27.33437487624682,0.07237055263157896,29.9357602739726,76.95792511638699,6507.450223647883,6509.8838413414915,27.975465399888037,0.36546918987988025,607069.4154982341,205.178575931244,255.36471437886294,293.5291414068872
小潮,4161,2026-06-23 10:00:00,27.341560374242096,0.05921265789473684,29.785760273972603,76.95555476699978,6494.611459289061,6501.005643159493,28.06626573384896,0.6179317053436462,570298.3063231094,213.37490541200964,224.14512653679506,275.78726641603146
小潮,4162,2026-06-23 11:00:00,27.346467256109012,0.03684423684210527,29.705760273972604,76.99519788643546,6470.067450921974,6483.181031413954,28.295410276946345,2.0961724761353033,538162.6165976669,235.3133186622444,166.32486800203642,260.2712066000157
小潮,4163,2026-06-23 12:00:00,27.348119677759154,0.04210739473684212,29.725760273972604,77.04381396267901,6487.1539532243605,6479.3741695720055,28.23199624257989,1.4936660401980546,540848.1712378993,228.9578507994339,180.65249130208727,261.57822858489715
小潮,4164,2026-06-23 13:00:00,27.347818761878088,0.05263371052631578,29.805760273972602,77.05435220203915,6502.8533688871785,6495.529052222085,28.1266057862709,0.8411515651809607,555975.3778448595,218.68254332399204,207.88516937247311,268.8928816717715
小潮,4165,2026-06-23 14:00:00,27.346865631152227,0.055265289473684205,29.905760273972604,77.04594451552764,6504.396446822454,6503.567040569246,28.103489223558814,0.7410079467061741,561369.9601715322,216.512567526684,214.45222503727166,271.49701193845164
小潮,4166,2026-06-23 15:00:00,27.345910846333663,0.05000213157894739,30.0057602739726,77.04342962620522,6497.944345537451,6501.066965594869,28.148052379912688,0.9602129709267369,551130.1429417756,220.9594450517784,201.22584672896642,266.53986558996445
小潮,4167,2026-06-23 16:00:00,27.346255530110508,0.04079160526315791,30.065760273972604,77.06039322125254,6487.555359163701,6492.803034264999,28.24600558999557,1.620418733026028,539913.8359997534,230.50324148439626,177.1196151085834,261.1170976216743
小潮,4168,2026-06-23 17:00:00,27.347574400333784,0.03026528947368421,30.0957602739726,77.10484899528733,6474.199083000881,6481.1392171553825,28.39956628518149,3.44857873936734,539091.6551585366,243.92014691405456,147.5317232881907,260.7259991414078
小潮,4169,2026-06-23 18:00:00,27.350518017758134,0.04342318421052633,30.0757602739726,77.12893473830226,6502.40684999888,6489.781395588784,28.221107730515346,1.3832511936252514,542307.7899104881,227.6671123818218,184.15502450054902,262.2961129094704
小潮,4170,2026-06-23 19:00:00,27.35573694313905,0.06052844736842106,29.985760273972602,77.10339929250317,6517.621910200883,6510.83365453676,28.073159850576417,0.5855757692753618,573761.5199183371,212.7087072014936,227.36577894020928,277.5367396133282
小潮,4171,2026-06-23 20:00:00,27.36290589433011,0.07237055263157896,29.835760273972603,77.0596180934845,6519.245409878059,6518.5745880101385,28.00498653454586,0.36630990089879956,607016.8407602282,205.36416772377856,255.42146832077586,293.6628091302168
小潮,4172,2026-06-23 21:00:00,27.371049027250564,0.07237055263157896,29.655760273972604,77.02318794228873,6512.0061652231125,6515.455836404118,28.012392643637543,0.36596333961662736,606901.0461723714,205.3174337303865,255.43767343580635,293.6522189575519
小潮,4173,2026-06-23 22:00:00,27.378214654917763,0.057896868421052614,29.5057602739726,77.01306667464235,6496.60755973597,6504.294043582308,28.11289114183076,0.6559390675775074,567001.6607721687,214.46879757311174,220.99106851955466,274.38405279919107
小潮,4174,2026-06-23 23:00:00,27.382776371317483,0.031581078947368425,29.4357602739726,77.05677865877117,6463.42886627254,6481.4547770619,28.410530225785948,3.0960768635125415,538578.0025419662,242.36595579954974,151.41831434817317,260.65184115381516
小潮,4175,2026-06-24 00:00:00,27.38343305140395,0.057896868421052614,29.485760273972602,77.08273958351569,6507.625770618932,6488.985831994093,28.11928071405503,0.6570836452666731,567123.0782174118,214.60032334309193,220.99969520107905,274.47002789968553
小潮,4176,2026-06-24 01:00:00,27.38018469400262,0.08026528947368422,29.655760273972604,77.04829476695897,6520.22217656397,6514.613539395138,27.98122498907415,0.27873680481448093,632185.2425776281,201.40359822101962,273.5334731950779,305.93921539518817
小潮,4177,2026-06-24 02:00:00,27.375308264712913,0.08947581578947371,29.875760273972602,77.00229116212031,6518.87443982007,6519.5174647111635,27.935319019963536,0.2088549002832826,663709.9815249084,197.3757156998291,294.10010171857647,321.16550875539207
小潮,4178,2026-06-24 03:00:00,27.369779605264764,0.08552844736842104,30.115760273972604,76.96654390865793,6511.738847814527,6515.166110578076,27.945932400285134,0.2351824126774654,649973.7158146219,198.93786180228952,285.3305790946803,314.48556810391614
小潮,4179,2026-06-24 04:00:00,27.365875681259308,0.0697389736842105,30.305760273972602,76.95321774512963,6499.552241694895,6505.6537509899645,28.021171599219628,0.4026959686519906,598853.272431064,206.66578135369645,249.29957519897664,289.72978189429233
小潮,4180,2026-06-24 05:00:00,27.364247053460602,0.05131792105263157,30.425760273972603,76.97082394205569,6484.870947559479,6492.530404336634,28.152601926201896,0.8962024899630047,553145.6398932344,219.6726691710354,204.59292828834168,267.60780012978086
小潮,4181,2026-06-24 06:00:00,27.36489372069839,0.03026528947368421,30.475760273972604,77.03339286572115,6459.815731109119,6473.4545420094955,28.414671244693974,3.442762294673933,538763.2176704102,243.83036703925,147.54878460458877,260.6528921388268
小潮,4182,2026-06-24 07:00:00,27.36846624373844,0.05131792105263157,30.4357602739726,77.07277858682278,6501.222776260962,6483.290235093082,28.158693661183968,0.8984513058788755,553383.6494847812,219.86984969860748,204.5992450187888,267.74440934853465
小潮,4183,2026-06-24 08:00:00,27.374964621412204,0.07237055263157893,30.305760273972602,77.05054459669104,6516.03645826271,6509.432980726324,28.016675878018024,0.36621211829128875,606916.721125861,205.36557568575833,255.4454666762227,293.68165328126986
小潮,4184,2026-06-24 09:00:00,27.383738290616826,0.08421265789473684,30.105760273972603,77.0124303706068,6516.193052654312,6516.170321112913,27.96604827895393,0.24529019032830673,645411.421317268,199.58224226933217,282.4232405858781,312.36097645391095
小潮,4185,2026-06-24 10:00:00,27.393160845347545,0.08289686842105265,29.885760273972604,76.98300010712526,6509.093880370321,6512.486067797418,27.980769300760578,0.2555222435593853,640832.3727927997,200.12910675183898,279.4944486974716,310.20039663953037
小潮,4186,2026-06-24 11:00:00,27.40160587960044,0.07105476315789475,29.695760273972603,76.97442622348913,6498.302822944358,6503.637551272183,28.048935644758426,0.38352009255599384,602582.7609378633,205.99824207534397,252.44037561648545,291.73217663092953
小潮,4187,2026-06-24 12:00:00,27.408097549307655,0.048686342105263146,29.565760273972604,76.99980861757383,6479.197563373017,6489.231279101485,28.220228892635284,1.0272160434143647,548371.6447162734,222.1453750158094,197.95162275059815,265.51937873661336
小潮,4188,2026-06-24 13:00:00,27.41100944846701,0.031581078947368425,29.545760273972604,77.06815539694131,6461.162917613687,6471.0032320487735,28.438230144158734,3.096707034633474,538428.0723542328,242.43260672193713,151.44707880332487,260.7191758302159
小潮,4189,2026-06-24 14:00:00,27.411967980753086,0.046054763157894724,29.585760273972603,77.1162909036312,6494.501380114634,6479.578055753048,28.25249411656671,1.1886529757058903,544854.6057553621,224.93717385721885,191.15053953704762,263.8358590505583
小潮,4190,2026-06-24 15:00:00,27.41129842597097,0.0539495,29.675760273972603,77.11738919605655,6504.2457866322575,6499.534039044777,28.178517223513953,0.7899099646884392,558293.4806041117,217.76095762661637,211.27905112687745,270.3399459567711
小潮,4191,2026-06-24 16:00:00,27.410301906829382,0.05263371052631581,29.7757602739726,77.11072333033114,6501.664234216372,6502.828056616895,28.188586408426126,0.8419661907833044,555649.3494899537,218.84055564248627,207.98069253900064,269.0544918221737
小潮,4192,2026-06-24 17:00:00,27.409954265070326,0.048686342105263146,29.855760273972603,77.11224823526554,6497.14095225195,6499.353044650535,28.224210625311436,1.0299817060053331,548665.1121245289,222.35957591097363,197.9542886362698,265.6708537941097
小潮,4193,2026-06-24 18:00:00,27.409930218566295,0.04079160526315788,29.925760273972603,77.12917548501497,6488.4603247814175,6492.818454101583,28.30937662889271,1.6225377779953762,539646.6464370864,230.69611123993823,177.19888425197638,261.3038747744676
小潮,4194,2026-06-24 19:00:00,27.41153089002862,0.031581078947368425,29.945760273972603,77.16912453139845,6477.294520511246,6483.051239011183,28.441048149090456,3.1037641760310333,538711.6639695663,242.5941889464323,151.44761021030175,260.85908389604606
小潮,4195,2026-06-24 20:00:00,27.41508155926672,0.046054763157894724,29.905760273972604,77.18632358971391,6505.063170988063,6492.703136745165,28.25687927620918,1.1905667477522852,545029.7389240902,225.0722292946004,191.15481422468412,263.936290948883
小潮,4196,2026-06-24 21:00:00,27.420256944155707,0.05658107894736842,29.815760273972604,77.16429864648524,6513.093607295125,6509.344290599368,28.16679294372672,0.6987566446032533,564003.1558581277,215.7661932849203,217.82461303718426,273.1512478603407
小潮,4197,2026-06-24 22:00:00,27.426406481603966,0.05658107894736842,29.695760273972603,77.13980372130489,6508.025747999104,6510.39220381722,28.172349024536032,0.6983070487165833,563901.3650904159,215.72820033328202,217.83459781301022,273.1338945328243
小潮,4198,2026-06-24 23:00:00,27.431578484650395,0.04473897368421051,29.605760273972603,77.13922112744324,6492.468711681591,6500.247170959221,28.28579113430808,1.280985460979389,543134.1419323852,226.34378899354115,187.73347302625777,263.10086841857657
小潮,4199,2026-06-25 00:00:00,27.43479710923754,0.03552844736842103,29.5757602739726,77.1692509711718,6481.67004263893,6487.259554608605,28.403381985374175,2.3068188411534147,538122.4405925156,237.55140436547904,162.75106377419468,260.6890998578055
小潮,4200,2026-06-25 01:00:00,27.434435949373626,0.06447581578947369,29.655760273972604,77.16229263025554,6518.274438587432,6502.952141984479,28.124159425416202,0.49697991836205374,583667.3173560104,210.25084268006378,236.99487111682575,282.7510073748766
小潮,4201,2026-06-25 02:00:00,27.430495003905705,0.08552844736842108,29.8457602739726,77.10999867196202,6525.193010278372,6522.186206693593,28.007534218839737,0.23591880583359137,649683.6195205759,199.20767975301933,285.46989018270733,314.708261377667
小潮,4202,2026-06-25 03:00:00,27.424925957487243,0.0907916052631579,30.085760273972603,77.05665420812913,6520.315357637543,6522.631893610204,27.979497367400484,0.201119886068914,668029.7045148833,196.99170428355845,297.11950531147704,323.560870749634
小潮,4203,2026-06-25 04:00:00,27.419680494772564,0.08158107894736841,30.315760273972604,77.02112606341984,6510.100966105813,6515.073151616024,28.013360808427294,0.26676205195622604,636247.9426941767,200.80378459048035,276.5920300603692,308.1365988329832
小潮,4204,2026-06-25 05:00:00,27.416385019449287,0.06447581578947366,30.485760273972602,77.01289766442736,6496.703427515103,6503.490976142599,28.10399057411668,0.4952084451424189,583518.275927978,209.98609800893917,236.962216042243,282.5817678232987
小潮,4205,2026-06-25 06:00:00,27.41536481133554,0.04210739473684209,30.585760273972603,77.04370019010763,6475.766754306784,6486.931736978266,28.297353350495946,1.4930360981035335,540319.0508297047,229.00655478977995,180.73835603099428,261.6565009234672
小潮,4206,2026-06-25 07:00:00,27.417595712185513,0.04079160526315788,30.585760273972603,77.09289689908277,6481.740323870815,6479.127830640762,28.31612344822211,1.6211826712713107,539475.4797390855,230.63299264071853,177.2084341581545,261.25907459806115
小潮,4207,2026-06-25 08:00:00,27.422752439883908,0.06447581578947366,30.495760273972603,77.09844639857319,6509.914366808745,6497.645572323115,28.1116802742174,0.4962511743549035,583635.0466606424,210.13577138225912,236.97373352690627,282.6725458581769
小潮,4208,2026-06-25 09:00:00,27.43083499328388,0.08684423684210525,30.315760273972604,77.06365665730654,6518.499733875566,6514.759876967551,28.001588128336834,0.22631487792893965,654172.1863443761,198.59336022637393,288.4012044323358,316.8845830490584
小潮,4209,2026-06-25 10:00:00,27.4415180902719,0.09737055263157895,30.055760273972602,77.02344318228818,6515.688049167811,6517.060947339601,27.970620602629992,0.16684645774302304,691446.2440898176,194.54763749943405,311.5318517244192,335.0084207324899
小潮,4210,2026-06-25 11:00:00,27.452199481962154,0.09473897368421053,29.795760273972604,76.99564606109809,6508.185829685389,6511.793191724915,27.990330736842324,0.17932244291732613,681837.5563608118,195.46320446884786,305.8360609205697,330.420124642961
小潮,4211,2026-06-25 12:00:00,27.462228605275268,0.08158107894736842,29.555760273972602,76.98837654910781,6498.088769537411,6503.084159257415,28.05463204919879,0.26647793198301967,635892.9302894417,200.8081155885479,276.68589274853787,308.2140728730389
小潮,4212,2026-06-25 13:00:00,27.469653773262383,0.05658107894736843,29.395760273972602,77.0124737105357,6480.570593081512,6489.77655121903,28.212326023043403,0.695995067985582,563299.490163212,215.54917628643796,217.90485499698096,273.06699381314917
小潮,4213,2026-06-25 14:00:00,27.47349914187828,0.03026528947368421,29.3457602739726,77.08873837419098,6451.335267034154,6467.643994708215,28.521227773724902,3.445596714547349,538189.688858802,244.08926518194093,147.6559045720069,260.91377998874884
小潮,4214,2026-06-25 15:00:00,27.474415271916563,0.04605476315789474,29.385760273972604,77.15220279936882,6490.399046313583,6473.074617018232,28.314050662278515,1.1892988874408121,544488.7176022734,225.06271978624818,191.23632857912517,263.9721463367885
小潮,4215,2026-06-25 16:00:00,27.47370328610691,0.05789686842105264,29.475760273972604,77.15683466525182,6504.876919064713,6498.0348870651505,28.208745391562378,0.657894293842671,566620.5812049215,214.81498523514978,221.1490808518726,274.69811351086827
小潮,4216,2026-06-25 17:00:00,27.471688464277104,0.06184423684210526,29.605760273972603,77.14330572302802,6506.666984315482,6505.739781770549,28.177939997132857,0.5537713946812101,576353.5468090927,211.9883755293259,230.74749791633005,279.4059455144093
小潮,4217,2026-06-25 18:00:00,27.469997210126163,0.05921265789473684,29.725760273972604,77.13257630808913,6502.629944216366,6504.552055826401,28.19485418555921,0.6201237508421767,569733.8541063512,213.80532102039987,224.36154090647437,276.1879438401311
小潮,4218,2026-06-25 19:00:00,27.46862952251604,0.05000213157894739,29.835760273972603,77.13729900466888,6493.390954762576,6497.996351282469,28.26949990735087,0.9617274690093061,550463.782425055,221.2461244145236,201.40589309339396,266.8395091761336
小潮,4219,2026-06-25 20:00:00,27.46921180514752,0.03552844736842106,29.885760273972604,77.17192276233072,6476.520330372171,6485.310543147582,28.436850701392938,2.3065859728707236,537854.4497189331,237.58257009844291,162.7895374811914,260.72997502101884
小潮,4220,2026-06-25 21:00:00,27.47141877591673,0.03552844736842106,29.885760273972604,77.21773170207753,6483.922204435893,6480.565123796282,28.440052556452038,2.309118628840654,538014.3606157248,237.6879568430839,162.7920056673439,260.8184510634668
小潮,4221,2026-06-25 22:00:00,27.475250433688277,0.047370552631578966,29.835760273972603,77.22973500286298,6504.145241040158,6494.907486047688,28.30300581354251,1.1080955134635901,546509.137340165,223.90184518727705,194.65575716944983,264.95587355142516
小潮,4222,2026-06-25 23:00:00,27.480381496360053,0.04868634210526318,29.745760273972603,77.22118057021359,6503.399922704301,6503.629299006982,28.29495388469876,1.0322647225119947,548433.7909366876,222.62777783380324,198.05548695921448,265.9149514733096
小潮,4223,2026-06-26 00:00:00,27.484534996025303,0.03552844736842106,29.6857602739726,77.23553948213379,6484.177844880246,6493.908095731279,28.453110991577432,2.3097605504623755,537962.9383791422,237.72948787778893,162.80667659309123,260.85865818551076
小潮,4224,2026-06-26 01:00:00,27.48640980768093,0.04605476315789475,29.695760273972603,77.24774582475222,6503.457952334293,6494.821343628548,28.32756502792222,1.1918443539527115,544666.7648821921,225.2524789410836,191.2528195072333,264.1187780958119
小潮,4225,2026-06-26 02:00:00,27.484704806324704,0.07237055263157896,29.815760273972604,77.21138664441146,6524.307817138639,6515.425726347235,28.126655669462455,0.36739429640663307,606360.5335641521,205.7305879866534,255.66416749807624,294.02565742163915
小潮,4226,2026-06-26 03:00:00,27.48007055276084,0.08947581578947368,30.0257602739726,77.15152547553566,6526.085294828652,6525.3966673959585,28.040212364701333,0.20947321303436656,663075.2199637241,197.70188231941495,294.35010069582296,321.4983721712369
小潮,4227,2026-06-26 04:00:00,27.474133450697195,0.09210739473684211,30.2757602739726,77.09786376728523,6519.732063884885,6522.766487556609,28.02321513271495,0.1937138307165471,672361.7591691795,196.6007354254029,300.1317140496063,325.96419112413946
小潮,4228,2026-06-26 05:00:00,27.46884518481011,0.07894950000000002,30.5057602739726,77.06576287992793,6507.703134311981,6513.619105250353,28.074733608518894,0.29111654246076296,627206.3834440712,202.1490308410331,270.74079196509854,304.0420386419522
小潮,4229,2026-06-26 06:00:00,27.466157439776808,0.05658107894736845,30.655760273972604,77.06776043075881,6489.9441963797,6499.152520156037,28.209882348194288,0.6969279983562292,563447.4139354946,215.64087045678951,217.8991725605254,273.12052339557096
小潮,4230,2026-06-26 07:00:00,27.466395495437457,0.030265289473684183,30.715760273972602,77.1250759021536,6458.1702218800365,6475.683368851747,28.515165322013708,3.4484356309559625,538341.2647735904,244.1354686144608,147.64889109252803,260.95197287022165
小潮,4231,2026-06-26 08:00:00,27.4702099126007,0.05526528947368424,30.6657602739726,77.16185017624808,6503.756893618562,6484.398166199472,28.22605523534864,0.7426081535177586,560738.9302784797,216.84127468035734,214.64859812451124,271.82860586923044
小潮,4232,2026-06-26 09:00:00,27.47727540917331,0.0802652894736842,30.515760273972603,77.13357775457753,6518.409372319952,6511.99484245179,28.077684962553214,0.27914451946925095,631576.6150329199,201.63811378975322,273.7446592875952,306.2096751661424
小潮,4233,2026-06-26 10:00:00,27.487266703062936,0.10131792105263158,30.2757602739726,77.08712050143905,6520.465990873436,6519.709929295498,28.002735486308314,0.1502799763593021,705544.3777487975,193.34661324566886,320.1752288308667,342.1368288851686
小潮,4234,2026-06-26 11:00:00,27.49953323121053,0.11052844736842107,29.965760273972602,77.04487213951512,6515.529919983547,6517.924267366586,27.985322617143872,0.11899868965551852,737301.7177983925,186.52372322878443,339.837061430567,357.62032655304114
小潮,4235,2026-06-26 12:00:00,27.511798025720005,0.10526528947368421,29.655760273972604,77.01848367403714,6507.142667570844,6511.195556208141,28.013127898604825,0.13546315487771646,719847.5616793095,192.03259883563732,328.69806656089105,349.23596055372536
小潮,4236,2026-06-26 13:00:00,27.52275996159892,0.08684423684210525,29.385760273972604,77.01503338298355,6495.786013346928,6501.463818631563,28.09113382779232,0.225902347330054,653428.662108911,198.63652909442897,288.6152805200973,317.07887520443063
小潮,4237,2026-06-26 14:00:00,27.530467351920546,0.05789686842105263,29.215760273972602,77.04514915792289,6477.443253530195,6487.223097479217,28.26220743434407,0.6558729177511912,565958.677206192,214.67579642432122,221.24317077117223,274.67405640454206
小潮,4238,2026-06-26 15:00:00,27.534269633629403,0.0289495,29.1657602739726,77.13117503638757,6445.325570158176,6463.502706949377,28.604125452900426,3.8525806269623013,538298.9196794193,245.85500097291452,143.80687411638706,261.2690099377211
小潮,4239,2026-06-26 16:00:00,27.534817367541283,0.05263371052631578,29.215760273972602,77.19256295558783,6495.566559963567,6473.955594330383,28.311674811972793,0.8431177600688727,554940.5301595281,219.11343048948652,208.1714368151874,269.3490015751022
小潮,4240,2026-06-26 17:00:00,27.532761114472848,0.06842318421052632,29.3457602739726,77.18552228988001,6509.499765810191,6502.987069056379,28.196055419226727,0.42531845961523435,594145.1057066359,207.9727120123012,246.53212712792555,288.3662490976693
小潮,4241,2026-06-26 18:00:00,27.52940199717684,0.07237055263157895,29.515760273972603,77.16348279004268,6509.350817154283,6509.350466378352,28.169691358547134,0.36685976118199415,605959.5206801108,205.70682446307293,255.75340192195637,294.0815060644705
小潮,4242,2026-06-26 19:00:00,27.526366419374504,0.06842318421052632,29.675760273972603,77.14773764205135,6504.209499824083,6506.680028040641,28.189169453804116,0.4249304590354757,594126.0074310041,207.9044448636571,246.5199416535314,288.32183921643883
小潮,4243,2026-06-26 20:00:00,27.523979660917597,0.05789686842105263,29.815760273972604,77.14845932728153,6495.18843260672,6499.693818211382,28.257686149973217,0.657541903588731,566230.5117109506,214.84750118916537,221.23241104644953,274.7720098770796
小潮,4244,2026-06-26 21:00:00,27.523542844561558,0.04079160526315788,29.895760273972602,77.17887829827058,6478.200917671438,6487.094463685814,28.420915689692904,1.6235108681655341,538926.4492335845,230.88994314546875,177.3405823483655,261.52011933099556
小潮,4245,2026-06-26 22:00:00,27.525381250159942,0.03421265789473682,29.905760273972604,77.23322954197803,6475.126912193315,6476.940970500279,28.51194519272935,2.5403599432785464,537957.62675546,239.63981831373474,159.13352406200158,261.0591330038079
小潮,4246,2026-06-26 23:00:00,27.52916959563204,0.046054763157894724,29.855760273972603,77.2612984080782,6498.9112771187965,6488.091517925306,28.369502462415664,1.1919817849293715,544384.429476079,225.31760906066833,191.31164289919496,264.19699395088435
小潮,4247,2026-06-27 00:00:00,27.53393203696284,0.04342318421052633,29.7757602739726,77.2687490438541,6495.20820103831,6496.838997262457,28.402438631854203,1.3864632392978862,541328.5456108802,228.09608137912278,184.3953606812358,262.73777995001325
小潮,4248,2026-06-27 01:00:00,27.537066325300305,0.03026528947368421,29.745760273972603,77.30254827542471,6475.566069675213,6485.660356144753,28.5878082115397,3.4613017473258587,538381.8745816533,244.53400602465584,147.71870856900588,261.3232028298049
小潮,4249,2026-06-27 02:00:00,27.537921897598814,0.055265289473684205,29.785760273972603,77.30534107437165,6515.805675957913,6498.815128616911,28.29472151145062,0.7448575465829881,560569.0202689877,217.15706138912887,214.7566264564869,272.0969774650442
小潮,4250,2026-06-27 03:00:00,27.534872347910888,0.08158107894736841,29.945760273972603,77.25054305067995,6528.726509493583,6523.248580136172,28.12966785817554,0.26806628600561494,635678.6608375717,201.26340766113665,276.8463627938991,308.53683005971277
小潮,4251,2026-06-27 04:00:00,27.529218798998254,0.09737055263157895,30.1857602739726,77.18413681770852,6527.440020435655,6528.1734727782095,28.058878213170495,0.16740366525249764,690911.5738088225,194.86050570843577,311.7572374837301,335.30887764705335
小潮,4252,2026-06-27 05:00:00,27.522262373623533,0.09473897368421053,30.465760273972602,77.13036225111684,6518.552593315728,6522.814368775934,28.06092773859347,0.17982813053125762,681426.2356293815,195.72283069855098,306.0119210880634,330.6616745563609
小潮,4253,2026-06-27 06:00:00,27.51725588035579,0.07368634210526318,30.6857602739726,77.10528048659263,6502.633580134426,6510.64117596244,28.149699947414668,0.3493937314419165,610033.6640006196,204.90006441631675,258.77748187433303,295.9902336107259
小潮,4254,2026-06-27 07:00:00,27.515500441959464,0.047370552631578966,30.805760273972602,77.12381365913019,6480.126351371171,6492.137126160954,28.340114350515353,1.104993657410117,545901.0379828596,223.73032538568248,194.7123860380656,264.8640245881001
小潮,4255,2026-06-27 08:00:00,27.51699605732952,0.04210739473684212,30.8257602739726,77.16978035949052,6480.20803168657,6480.498192363015,28.398891099739398,1.4968007409592703,539944.8517166974,229.34997580014726,180.86835731892376,261.9816266358636
小潮,4256,2026-06-27 09:00:00,27.5230438492322,0.07237055263157896,30.705760273972604,77.17299236654253,6512.190782714617,6498.637275611128,28.163637849124466,0.3669753761611047,606023.3284398377,205.71691263474102,255.74070280385422,294.07683806383926
小潮,4257,2026-06-27 10:00:00,27.532017411726336,0.09737055263157895,30.495760273972603,77.13482047581532,6519.198845521023,6516.194785883407,28.061004874817026,0.1672019567395218,690847.4537860629,194.80287133486732,311.7644375441234,335.29564284661575
小潮,4258,2026-06-27 11:00:00,27.5442420246772,0.11710739473684209,30.1857602739726,77.09042624193441,6518.220197810381,6518.834673851944,28.011350513518465,0.10202103932869572,759272.5509520823,179.62136624838985,353.7853690935837,368.59093240399824
小潮,4259,2026-06-27 12:00:00,27.558091282145444,0.12105476315789473,29.8257602739726,77.0554419847079,6511.717771745076,6514.842402204336,28.01423596529228,0.09325532854662333,772903.3172257362,175.53308678712256,362.0448004982662,375.30711288307714
小潮,4260,2026-06-27 13:00:00,27.57128821625743,0.11052844736842107,29.485760273972602,77.03838612732044,6502.973934007049,6507.236108905942,28.055856682321174,0.11891870746500458,736533.5193557643,186.26656892498312,340.0431625227512,357.73665648505
小潮,4261,2026-06-27 14:00:00,27.5825317020432,0.08684423684210525,29.205760273972604,77.04517519159404,6491.064735861413,6497.119675233132,28.150223997772336,0.22597877072000147,653013.2167756106,198.7491672942745,288.7547265034614,317.2386144661747
小潮,4262,2026-06-27 15:00:00,27.589870052598542,0.0539495,29.045760273972604,77.0881274928866,6470.633297994921,6481.777079694494,28.35226206989693,0.7885229407827005,556903.0594191691,217.87638249574627,211.55835322210746,270.5854759559277
小潮,4263,2026-06-27 16:00:00,27.59297798585807,0.038160026315789464,29.015760273972603,77.16693004422686,6461.078201301523,6466.567271840385,28.52117521421397,1.9230745010174177,537081.7677580026,234.15724727008777,170.25055094459597,260.97027428165046
小潮,4264,2026-06-27 17:00:00,27.591855500724918,0.0657916052631579,29.115760273972604,77.20481884846409,6501.283963640659,6483.9253162389805,28.270436441041532,0.47143753658686466,586235.0973247207,209.65859084829955,240.4170794871355,284.84798138038474
小潮,4265,2026-06-27 18:00:00,27.58812900094106,0.0789495,29.295760273972604,77.1920397540665,6509.233440119614,6505.421651734038,28.19357948500259,0.29180405632596224,626493.6347711226,202.47094940888573,270.9972298859395,304.3877103069966
小潮,4266,2026-06-27 19:00:00,27.583750171216977,0.08289686842105262,29.495760273972603,77.17080165086384,6508.886156611635,6509.010466272019,28.170439210871688,0.25638270213682385,639641.5972355792,200.6167348838312,279.9211343163434,310.74980706104816
小潮,4267,2026-06-27 20:00:00,27.579044291426115,0.07631792105263159,29.705760273972604,77.1568958517048,6503.099544550074,6505.899666891735,28.197257224538248,0.31883511006890886,617980.4020487095,203.69529300735098,264.9647834249362,300.199443189876
小潮,4268,2026-06-27 21:00:00,27.57628832724836,0.05789686842105263,29.855760273972603,77.16526391734634,6489.458393533658,6496.449768959796,28.309079265867332,0.6576014447897792,565882.7739420385,214.9276274258439,221.31920807898805,274.8772654500654
小潮,4269,2026-06-27 22:00:00,27.57613283952656,0.03816002631578945,29.925760273972603,77.21079530557643,6470.510191888115,6480.682877653876,28.505694019098605,1.9250993209433989,537359.9223131962,234.23146225157143,170.23057523995442,261.02153080413746
小潮,4270,2026-06-27 23:00:00,27.578252546201718,0.03816002631578945,29.925760273972603,77.26824455290833,6479.888055122078,6475.626613144432,28.50904177464729,1.927778247274424,537552.5904369982,234.35944872484566,170.2330884987483,261.1256773240662
小潮,4271,2026-06-28 00:00:00,27.582647446183323,0.046054763157894724,29.855760273972603,77.29568951071658,6495.832827385697,6488.356216922552,28.422270720032532,1.1926079277588544,544077.6611869754,225.43020553377627,191.3852862003853,264.3175055127182
小潮,4272,2026-06-28 01:00:00,27.586715290641074,0.03947581578947369,29.795760273972604,77.31517102395591,6487.9567404990985,6491.734783643539,28.501372402984398,1.7702050732012888,538137.6541842427,232.8065109195955,173.84856511790824,261.45209010190047
小潮,4273,2026-06-28 02:00:00,27.589480235583515,0.03816002631578948,29.7757602739726,77.34135095041482,6489.604271444973,6488.892918444223,28.521479604642284,1.9308725805183702,537711.9303760207,234.51796069698085,170.2464025903853,261.2590359752379
小潮,4274,2026-06-28 03:00:00,27.58866531314976,0.06842318421052632,29.865760273972604,77.3209083864442,6522.328131908545,6508.672951224183,28.252940336857264,0.4265685581434039,593963.7194412554,208.24472489705005,246.63873139820035,288.5857039318365
小潮,4275,2026-06-28 04:00:00,27.583945241285363,0.09210739473684211,30.0757602739726,77.2600387150022,6528.327851923377,6525.824534153705,28.133244777385247,0.19434325083813417,671686.7209609884,196.94875766167394,300.40101098195856,326.3191397131374
小潮,4276,2026-06-28 05:00:00,27.577271704709936,0.1026337105263158,30.3457602739726,77.1980315605147,6524.381914451467,6526.307122100407,28.088234183794718,0.14550160454160524,709760.7732473677,193.16774445104133,323.2436662665722,344.77239670166057
小潮,4277,2026-06-28 06:00:00,27.5699458262088,0.0934231842105263,30.635760273972604,77.15326623998006,6513.924859681222,6518.992110876597,28.113015229591085,0.18668220980191258,676372.6989546139,196.29595429288366,303.2536608915044,328.50794486447654
小潮,4278,2026-06-28 07:00:00,27.56554569534135,0.06710739473684212,30.835760273972603,77.14139256778124,6495.61248845594,6505.037517797682,28.23537679279935,0.4469344456081418,590026.774238231,208.716992652886,243.48907418863865,286.54648222243287
小潮,4279,2026-06-28 08:00:00,27.564721872959566,0.03421265789473685,30.925760273972603,77.18798105236542,6460.916319931306,6480.234394521748,28.549039170033904,2.537070112347669,537452.1337411518,239.56204287549434,159.17630518349785,261.0095090650946
小潮,4280,2026-06-28 09:00:00,27.568450200883944,0.05921265789473684,30.875760273972602,77.22425955820441,6502.135892715973,6484.608500573605,28.29270810076966,0.621185402273559,569212.6261884749,214.06512770304914,224.52785065360484,276.4534055554233
小潮,4281,2026-06-28 10:00:00,27.576405397065546,0.08816002631578947,30.695760273972603,77.19845390100973,6517.67143433246,6510.948294278506,28.140843487010137,0.21798291178661133,657797.6834430799,198.41151612878295,291.665360767156,319.52559886003314
小潮,4282,2026-06-28 11:00:00,27.587286336553568,0.11184423684210529,30.425760273972603,77.15390428031094,6519.586526604418,6518.900598179946,28.069140120395286,0.11553028679619687,741032.3320810834,185.28954815563873,342.86758027003725,360.03160423688445
小潮,4283,2026-06-28 12:00:00,27.601093018268497,0.12763371052631578,30.065760273972604,77.11183429732564,6516.0946047756925,6517.848588413767,28.041079683668855,0.08099093128417831,796201.8427219077,169.5626000431791,375.76424492282007,386.93771688710143
小潮,4284,2026-06-28 13:00:00,27.6158737553262,0.12763371052631578,29.675760273972603,77.08257836318825,6508.992051134577,6512.412106923392,28.055328010517538,0.08092332696109855,796006.6620775519,169.39989603096237,375.8124989642725,386.95201492754796
小潮,4285,2026-06-28 14:00:00,27.62967686084345,0.11184423684210526,29.315760273972604,77.07259367044657,6499.630879898614,6504.236100386504,28.109897792053328,0.11526270389639774,740393.2063202102,184.79302458259411,342.9908219307627,360.01225596231234
小潮,4286,2026-06-28 15:00:00,27.640550647937953,0.08026528947368422,29.045760273972604,77.08996068190469,6484.990971502471,6492.631881034956,28.237162070795424,0.27853894297598225,630310.2712301953,201.76326294204077,274.100883585906,306.54866417208603
小潮,4287,2026-06-28 16:00:00,27.646543429728343,0.04342318421052632,28.925760273972603,77.15277315210264,6458.307779636508,6473.351215088271,28.509706371580638,1.3818401307916952,540105.4651063381,227.95970045539758,184.54338127105302,262.7080164527134
小潮,4288,2026-06-28 17:00:00,27.648305767074866,0.051317921052631575,28.9357602739726,77.22240227901456,6480.580321227108,6470.459183967454,28.434485985590538,0.9002888907546324,551687.8382409624,220.40504312086273,205.0194956250291,268.350731448181
小潮,4289,2026-06-28 18:00:00,27.645187096968357,0.0789495,29.0957602739726,77.2335114871171,6506.9710910198155,6495.28681332972,28.250155249115252,0.2919997376112517,626127.5683782669,202.598084660424,271.12014576098517,304.541392052961
小潮,4290,2026-06-28 19:00:00,27.640114947044044,0.0894758157894737,29.315760273972604,77.21292182802735,6510.45684385056,6508.73535772052,28.19820705416799,0.20956734548228786,661930.6609535549,197.97929844755214,294.73321906311503,321.92442460343784
小潮,4291,2026-06-28 20:00:00,27.634390440100134,0.08816002631578947,29.555760273972602,77.19228807348678,6507.2467747370365,6508.754065632828,28.19767453735623,0.21786027257849153,657353.1545601776,198.47200842699,291.802562009486,319.6632439788691
小潮,4292,2026-06-28 21:00:00,27.629639979903356,0.07500213157894735,29.765760273972603,77.18541935795874,6498.640778594527,6502.9141175653485,28.254077105736293,0.33390665038895856,613460.4451946086,204.46211792442796,262.04444503319456,298.2916663749803
小潮,4293,2026-06-28 22:00:00,27.627164689253757,0.055265289473684205,29.905760273972604,77.20418568395274,6484.844065066059,6492.038208600591,28.38000471040353,0.742630407067151,559672.9039691662,217.0613075751068,214.8992508561675,272.12491713393706
小潮,4294,2026-06-28 23:00:00,27.62728984804955,0.031581078947368425,29.965760273972602,77.26788463957709,6458.5305852187075,6472.975115256807,28.652530571009162,3.1079202824816337,537534.2326773247,243.08891909464842,151.66796509146658,261.3612469959809
小潮,4295,2026-06-29 00:00:00,27.630666017157463,0.04473897368421051,29.925760273972603,77.32333149343808,6490.99267327473,6476.4761475242585,28.483436988407735,1.285385116140357,542180.8967689488,226.884705043823,188.00117063330967,263.63755490660475
小潮,4296,2026-06-29 01:00:00,27.635341509704425,0.04737055263157894,29.8457602739726,77.3388582332242,6495.981500453591,6493.41263370734,28.461126952046367,1.110004292214814,545606.343110346,224.25090639362935,194.88128281593248,265.3268795919584
小潮,4297,2026-06-29 02:00:00,27.639364638818304,0.03421265789473685,29.785760273972603,77.36874806963507,6478.370330624159,6487.318954038109,28.62555821278244,2.5468502404673514,537536.7465757439,240.0165976414533,159.25756920555187,261.4227416330857
小潮,4298,2026-06-29 03:00:00,27.64078371762789,0.050002131578947354,29.805760273972602,77.38355544119874,6505.845815788408,6493.717832483509,28.442079779583263,0.9665275992689231,549830.9243626872,221.86442487753158,201.65927307331842,267.4090735206647
小潮,4299,2026-06-29 04:00:00,27.638297621198067,0.0802652894736842,29.945760273972603,77.3420990225968,6526.138487734746,6517.588277917621,28.238628812404386,0.2802727405475584,630648.9706103243,202.12167711310462,274.0959588337534,306.70019183817095
小潮,4300,2026-06-29 05:00:00,27.632231629432617,0.1026337105263158,30.195760273972603,77.27717625078331,6528.359049057001,6527.544100343111,28.14326669475649,0.1457294240959108,709392.7987657705,193.33524289107325,323.3919193178617,344.9553006526737
小潮,4301,2026-06-29 06:00:00,27.624212146106593,0.10658107894736844,30.5057602739726,77.21839213085332,6521.805920877714,6524.939719187975,28.12201146706979,0.13158498855091677,723607.9566078396,191.39946381608553,331.81538009700137,351.81380671856346
小潮,4302,2026-06-29 07:00:00,27.61716669886634,0.08816002631578947,30.785760273972603,77.18306005005566,6508.316523394032,6514.989969646046,28.180620942625524,0.21782961395814493,657471.8053080479,198.43711386153228,291.7617884337778,319.6158165994078
小潮,4303,2026-06-29 08:00:00,27.613697534391534,0.05526528947368424,30.955760273972604,77.18973352175219,6484.418147271471,6497.168716477879,28.366566994559783,0.7424019944316642,559735.195718342,217.0200605887099,214.87771023453894,272.08524069303814
小潮,4304,2026-06-29 09:00:00,27.61478049452485,0.03947581578947369,30.985760273972602,77.24026610371514,6471.462498399883,6478.561073883558,28.5270958697629,1.7668953647309298,537666.7646289979,232.675365853867,173.8827630970899,261.36325974310483
小潮,4305,2026-06-29 10:00:00,27.620415578207115,0.07237055263157896,30.875760273972602,77.25490530806854,6509.8362913346755,6493.789179013923,28.260291934429965,0.3674844633557151,605435.668720639,205.94934301099278,255.93538632927448,294.33782024722274
小潮,4306,2026-06-29 11:00:00,27.62962694147732,0.10263371052631577,30.655760273972604,77.21865381396901,6519.484504173023,6515.380039440304,28.139986949333544,0.14552585361236858,709367.6600129945,193.2613613769305,323.38488879287166,344.9259204151528
